step,mesured_q_0,mesured_q_1,mesured_q_2,mesured_q_3,mesured_q_4,mesured_q_5,mesured_q_6,mesured_q_7,mesured_q_8,mesured_q_9,mesured_q_10,mesured_q_11,mesured_q_12,mesured_q_13,mesured_q_14,mesured_q_15
0,0.2638150751590729,-0.9962660670280457,0.05981330946087837,0.7578227519989014,0.17518818378448486,1.314144492149353,0.037450291216373444,0.7310445308685303,0.056872665882110596,-0.8756020665168762,0.29288163781166077,0.4117162525653839,0.14410285651683807,1.1793992519378662,-0.44045355916023254,0.7306782603263855
1,0.2466215342283249,-0.9661804437637329,0.03072521649301052,0.7492491006851196,0.1560364067554474,1.2849421501159668,0.014820266515016556,0.7310233116149902,0.03305453062057495,-0.8450238704681396,0.2736450731754303,0.38402560353279114,0.16314975917339325,1.1502801179885864,-0.4223162531852722,0.730591893196106
2,0.233735129237175,-0.9362297058105469,0.0030015103984624147,0.7335824966430664,0.1331833153963089,1.2560189962387085,-0.00415341230109334,0.7310442328453064,0.008858072571456432,-0.8149302005767822,0.2506157457828522,0.35557249188423157,0.18099834024906158,1.1214863061904907,-0.40840086340904236,0.7305721044540405
3,0.2206387221813202,-0.9062724113464355,-0.023768780753016472,0.7097892761230469,0.10606631636619568,1.2272289991378784,-0.021971317008137703,0.7310707569122314,-0.0130518339574337,-0.7846454977989197,0.22329561412334442,0.32629919052124023,0.1975398063659668,1.0930683612823486,-0.4061383605003357,0.730568528175354
4,0.21234850585460663,-0.8757705092430115,-0.049815841019153595,0.6833407878875732,0.07729368656873703,1.1990195512771606,-0.036063410341739655,0.7310659885406494,-0.030986923724412918,-0.75435870885849,0.19430461525917053,0.2969118654727936,0.21130342781543732,1.0657126903533936,-0.4169071912765503,0.7305864691734314
5,0.2125946432352066,-0.845343291759491,-0.07361742854118347,0.6556417942047119,0.04839717596769333,1.1719205379486084,-0.03996271640062332,0.7310584187507629,-0.048805687576532364,-0.7240810394287109,0.16489890217781067,0.2675870954990387,0.22344955801963806,1.0399506092071533,-0.4328843951225281,0.7305957674980164
6,0.21838532388210297,-0.8148809671401978,-0.0960591733455658,0.6268875598907471,0.019655263051390648,1.1462326049804688,-0.040445514023303986,0.7310524582862854,-0.06398839503526688,-0.6937964558601379,0.135336771607399,0.2384197860956192,0.2372743934392929,1.013974905014038,-0.45259058475494385,0.7305988073348999
7,0.2292863428592682,-0.7843313813209534,-0.1209060400724411,0.5977334976196289,-0.008699202910065651,1.1199300289154053,-0.04847282916307449,0.7310272455215454,-0.07406715303659439,-0.6635733842849731,0.10576315224170685,0.2096671164035797,0.2555058002471924,0.9870455861091614,-0.4747394919395447,0.7305966019630432
8,0.24470460414886475,-0.7537842988967896,-0.1454809010028839,0.5688725113868713,-0.03659018874168396,1.0929019451141357,-0.0648161917924881,0.7310119867324829,-0.08054850995540619,-0.6337372064590454,0.07636548578739166,0.18261007964611053,0.2778014540672302,0.9616386890411377,-0.4977073669433594,0.7305955290794373
9,0.2651338279247284,-0.723323404788971,-0.16381122171878815,0.5401172637939453,-0.06513909250497818,1.065867304801941,-0.08435675501823425,0.7310309410095215,-0.08202385902404785,-0.6049719452857971,0.04733555391430855,0.15878377854824066,0.30265387892723083,0.9377450942993164,-0.5174157619476318,0.7306180000305176
10,0.2889525294303894,-0.6928679347038269,-0.17977072298526764,0.5111990571022034,-0.09424538910388947,1.0418357849121094,-0.09752961248159409,0.7310432195663452,-0.09360674023628235,-0.5781805515289307,0.018474118784070015,0.14440502226352692,0.3245318531990051,0.9159523844718933,-0.5354204177856445,0.73067706823349
11,0.3135920763015747,-0.6623615622520447,-0.19440288841724396,0.4820515513420105,-0.12319155782461166,1.0199164152145386,-0.10260240733623505,0.7310563921928406,-0.11552831530570984,-0.5543933510780334,-0.010784020647406578,0.13328056037425995,0.34652113914489746,0.900134801864624,-0.5544785261154175,0.7306612730026245
12,0.3385915160179138,-0.6318239569664001,-0.2036316841840744,0.45269593596458435,-0.15219251811504364,0.9965435862541199,-0.10083135962486267,0.7310893535614014,-0.14095520973205566,-0.5320177674293518,-0.039974454790353775,0.12634819746017456,0.3700610101222992,0.888767659664154,-0.5731895565986633,0.7306663990020752
13,0.3647322654724121,-0.6012994647026062,-0.20109039545059204,0.42344850301742554,-0.18126116693019867,0.9712218046188354,-0.09381026774644852,0.7311578989028931,-0.16872766613960266,-0.5072592496871948,-0.06917497515678406,0.11838843673467636,0.39355185627937317,0.8801618218421936,-0.5948430895805359,0.7306399941444397
14,0.39122846722602844,-0.5707317590713501,-0.1901780515909195,0.3949733078479767,-0.21050265431404114,0.9448785185813904,-0.08095525205135345,0.731203019618988,-0.19757139682769775,-0.4802865982055664,-0.0982116162776947,0.10809584707021713,0.41816937923431396,0.8763722777366638,-0.6200745701789856,0.7306037545204163
15,0.41814714670181274,-0.5402186512947083,-0.17347992956638336,0.3676697909832001,-0.23983491957187653,0.9205149412155151,-0.06530936807394028,0.7312337160110474,-0.22718487679958344,-0.45263031125068665,-0.12741683423519135,0.09601382911205292,0.4412997364997864,0.8802646398544312,-0.6470266580581665,0.7305649518966675
16,0.44590577483177185,-0.5099085569381714,-0.15831245481967926,0.34228572249412537,-0.2689509093761444,0.9133187532424927,-0.05559646710753441,0.7312185168266296,-0.2570693790912628,-0.4251086413860321,-0.15668824315071106,0.08147650957107544,0.45462310314178467,0.8827511668205261,-0.6732792854309082,0.730607271194458
17,0.4735911786556244,-0.479611337184906,-0.14043553173542023,0.33247655630111694,-0.29748064279556274,0.9331902265548706,-0.04151646047830582,0.7312775254249573,-0.2873483896255493,-0.3987037241458893,-0.1853705495595932,0.06720980256795883,0.4558713734149933,0.9027984142303467,-0.6993763446807861,0.7305630445480347
18,0.4982495605945587,-0.46091964840888977,-0.11963096261024475,0.3297278881072998,-0.3255346119403839,0.9609448313713074,-0.01973872072994709,0.7313317060470581,-0.3147205412387848,-0.37296801805496216,-0.21062128245830536,0.05904059857130051,0.45710891485214233,0.9288390874862671,-0.7256139516830444,0.7307904958724976
19,0.519368052482605,-0.45880478620529175,-0.09349210560321808,0.32359588146209717,-0.3542907238006592,0.9903678297996521,0.007184893358498812,0.7313949465751648,-0.3405951261520386,-0.3513835072517395,-0.23572739958763123,0.05964464321732521,0.45306238532066345,0.9555643796920776,-0.7514631748199463,0.7305763363838196
20,0.5232940316200256,-0.46244508028030396,-0.07193796336650848,0.3222495913505554,-0.3828789293766022,1.0195789337158203,0.03438477963209152,0.7313278317451477,-0.3709025979042053,-0.3332834541797638,-0.2654159367084503,0.03823220729827881,0.4580802619457245,0.979319155216217,-0.7797667384147644,0.7304686903953552
21,0.5257071852684021,-0.4470304250717163,-0.051626645028591156,0.31004413962364197,-0.411702424287796,1.0479310750961304,0.06250246614217758,0.7312902808189392,-0.40052855014801025,-0.31830471754074097,-0.2959100604057312,0.028257794678211212,0.4641081690788269,0.9933201670646667,-0.8507155776023865,0.7306317687034607
22,0.5369783043861389,-0.43059104681015015,-0.027505410835146904,0.2952421307563782,-0.4405677318572998,1.0776865482330322,0.09023046493530273,0.7313907742500305,-0.43098127841949463,-0.3095604479312897,-0.3276030719280243,0.0233562421053648,0.4630601406097412,1.007055401802063,-0.9503298997879028,0.730678141117096
23,0.5367395281791687,-0.4164103865623474,0.001014233916066587,0.27060937881469727,-0.46926435828208923,1.1070986986160278,0.11795664578676224,0.7313590049743652,-0.4619291424751282,-0.3038399815559387,-0.35903456807136536,0.012977437116205692,0.4699409604072571,1.0221041440963745,-1.0463377237319946,0.7306276559829712
24,0.5268162488937378,-0.39955857396125793,0.029292229562997818,0.24172057211399078,-0.49719953536987305,1.1367616653442383,0.14018626511096954,0.7313229441642761,-0.49324333667755127,-0.29221898317337036,-0.3905673027038574,0.006267254706472158,0.48675093054771423,1.035917043685913,-1.0967711210250854,0.730688750743866
25,0.5152475833892822,-0.3769715428352356,0.05692722275853157,0.21186533570289612,-0.5238966941833496,1.1665148735046387,0.14384013414382935,0.7313043475151062,-0.5246310830116272,-0.27668872475624084,-0.42204946279525757,0.0018227887339890003,0.506449818611145,1.0415922403335571,-1.1262177228927612,0.7308403849601746
26,0.506651759147644,-0.35117900371551514,0.08283589035272598,0.18162749707698822,-0.5451135039329529,1.1962952613830566,0.1265396773815155,0.7312600612640381,-0.5551016330718994,-0.26004618406295776,-0.4527823030948639,0.0006803817814216018,0.5241015553474426,1.0413457155227661,-1.1407734155654907,0.7309960126876831
27,0.5010697841644287,-0.32957205176353455,0.10778048634529114,0.15119124948978424,-0.5483376979827881,1.2259762287139893,0.10428271442651749,0.7311414480209351,-0.5843325257301331,-0.24639728665351868,-0.4837889075279236,-0.0014407767448574305,0.5360280871391296,1.0402880907058716,-1.1641634702682495,0.7310054898262024
28,0.4872855246067047,-0.31879696249961853,0.13440461456775665,0.12059947103261948,-0.5463510155677795,1.2553985118865967,0.08568321168422699,0.731066107749939,-0.6011969447135925,-0.232690691947937,-0.5082775950431824,-0.0011034022318199277,0.5447256565093994,1.03448486328125,-1.191453218460083,0.7310029864311218
29,0.466472327709198,-0.30238431692123413,0.159622922539711,0.09704192727804184,-0.5587043166160583,1.2775810956954956,0.08229029178619385,0.7312335968017578,-0.6191014051437378,-0.22206644713878632,-0.5339874625205994,-0.003215106436982751,0.55837082862854,1.0244429111480713,-1.2168476581573486,0.7311080694198608
30,0.4512144923210144,-0.2842468321323395,0.17619271576404572,0.08567387610673904,-0.5795081257820129,1.291568636894226,0.08377517014741898,0.7311536073684692,-0.6336421370506287,-0.211445614695549,-0.5571059584617615,-0.0028311414644122124,0.5722994208335876,1.01763916015625,-1.2334190607070923,0.7311562895774841
31,0.42960792779922485,-0.2606803774833679,0.1808498501777649,0.06505285203456879,-0.5936722159385681,1.3099699020385742,0.07709307968616486,0.7307823300361633,-0.6488310694694519,-0.20319458842277527,-0.5811288952827454,-0.0031393796671181917,0.5841435790061951,1.012103796005249,-1.2541348934173584,0.7311304807662964
32,0.4058596193790436,-0.23976656794548035,0.1745670884847641,0.05677279829978943,-0.6074844598770142,1.3200352191925049,0.06398148834705353,0.7302880883216858,-0.6659494638442993,-0.19427655637264252,-0.6066785454750061,-0.001547127729281783,0.5895070433616638,1.0120571851730347,-1.2905895709991455,0.7310954928398132
33,0.3817232847213745,-0.21958866715431213,0.15198446810245514,0.051851194351911545,-0.6320486068725586,1.3142446279525757,0.04690338671207428,0.7300339937210083,-0.6859430074691772,-0.1819850355386734,-0.6333983540534973,0.002314148470759392,0.6058523654937744,1.0025264024734497,-1.3460043668746948,0.7311723828315735
34,0.3557578921318054,-0.19915421307086945,0.1329386830329895,0.04353714734315872,-0.6489368677139282,1.3016284704208374,0.03478016331791878,0.7298673391342163,-0.7095924019813538,-0.17985674738883972,-0.6603728532791138,0.0038915486074984074,0.6128057837486267,1.0034843683242798,-1.361355185508728,0.7310805320739746
35,0.33107754588127136,-0.179876908659935,0.11308051645755768,0.03737500309944153,-0.6723747253417969,1.2867778539657593,0.02781282737851143,0.7299426794052124,-0.7330580353736877,-0.1715373992919922,-0.686683177947998,0.006230100058019161,0.6252424120903015,1.0072283744812012,-1.3875946998596191,0.731123685836792
36,0.33171185851097107,-0.163662850856781,0.1003684252500534,0.040982238948345184,-0.6821693778038025,1.2803823947906494,0.01737559773027897,0.7307077050209045,-0.7560117244720459,-0.16274669766426086,-0.7121710777282715,0.00852368213236332,0.6382706761360168,1.0139667987823486,-1.4096801280975342,0.7311110496520996
37,0.3408794105052948,-0.14795704185962677,0.09012660384178162,0.045914001762866974,-0.6876137256622314,1.2794206142425537,0.0054734135046601295,0.7307761311531067,-0.7838048934936523,-0.16154761612415314,-0.7403374314308167,0.008309326134622097,0.637474775314331,1.0237077474594116,-1.368201494216919,0.7311921715736389
38,0.3524329662322998,-0.13207699358463287,0.07908596098423004,0.05172329396009445,-0.6916640996932983,1.2790647745132446,-0.00936860404908657,0.7301924228668213,-0.8003174662590027,-0.1540818214416504,-0.7595539689064026,0.009883157908916473,0.6385741233825684,1.0368729829788208,-1.3422483205795288,0.7310229539871216
39,0.367562472820282,-0.1154201328754425,0.06463678926229477,0.05842335894703865,-0.695445716381073,1.2791470289230347,-0.02835230901837349,0.7294141054153442,-0.8110328912734985,-0.14396412670612335,-0.7710532546043396,0.0132727837190032,0.6301662921905518,1.0537104606628418,-1.317887544631958,0.7310099601745605
40,0.38072144985198975,-0.09863601624965668,0.048384491354227066,0.06637345999479294,-0.70029616355896,1.2791434526443481,-0.05124665051698685,0.729199230670929,-0.8246482610702515,-0.1283535659313202,-0.773381769657135,0.01364383939653635,0.6228742003440857,1.073887586593628,-1.2966768741607666,0.7310367226600647
41,0.3970223665237427,-0.07639443129301071,0.02961438149213791,0.07696758210659027,-0.7037057280540466,1.2789669036865234,-0.06865300238132477,0.7296429872512817,-0.8398599028587341,-0.11305592954158783,-0.7642274498939514,0.012352867051959038,0.6121313571929932,1.0941749811172485,-1.2735730409622192,0.7308475971221924
42,0.42103293538093567,-0.053230419754981995,0.007185210473835468,0.09049471467733383,-0.6997554898262024,1.2801172733306885,-0.07834021747112274,0.7305521965026855,-0.8520898818969727,-0.11285513639450073,-0.7449955344200134,0.018847832456231117,0.5973337292671204,1.1153208017349243,-1.2695634365081787,0.7307549118995667
43,0.4495798349380493,-0.024811483919620514,-0.01780666410923004,0.10446596145629883,-0.6972090601921082,1.2797521352767944,-0.08641208708286285,0.730810821056366,-0.8629551529884338,-0.11138954013586044,-0.7250324487686157,0.026570415124297142,0.5827708840370178,1.1364332437515259,-1.2720171213150024,0.7307472229003906
44,0.4807277321815491,0.0037814518436789513,-0.04544684290885925,0.11827057600021362,-0.693584680557251,1.2786834239959717,-0.09528394788503647,0.7307938933372498,-0.8700608611106873,-0.10880297422409058,-0.703852653503418,0.033609360456466675,0.57133549451828,1.15416419506073,-1.278030514717102,0.7308720350265503
45,0.5139210820198059,0.03180030733346939,-0.07534684985876083,0.1320319026708603,-0.6893555521965027,1.2770763635635376,-0.10362502187490463,0.7309960126876831,-0.8765451312065125,-0.10456623882055283,-0.6812791228294373,0.04028700664639473,0.562217116355896,1.1698579788208008,-1.2903131246566772,0.7309735417366028
46,0.5487262606620789,0.057872213423252106,-0.10698044300079346,0.14412228763103485,-0.6844277381896973,1.2744972705841064,-0.11063340306282043,0.7309306263923645,-0.8785169720649719,-0.0968538224697113,-0.657305121421814,0.04690356180071831,0.5597349405288696,1.1804033517837524,-1.3025703430175781,0.7308558821678162
47,0.5852137207984924,0.08372325450181961,-0.1396993100643158,0.1558891236782074,-0.6787446737289429,1.271062970161438,-0.11877010762691498,0.730939507484436,-0.8812182545661926,-0.08975192904472351,-0.6330218315124512,0.05336408689618111,0.5577453970909119,1.1895005702972412,-1.3089338541030884,0.7309370040893555
48,0.6210582852363586,0.10809847712516785,-0.17364881932735443,0.16764849424362183,-0.6723147034645081,1.267273187637329,-0.1272749900817871,0.7308924198150635,-0.8797585964202881,-0.08127220720052719,-0.6077917814254761,0.05986568704247475,0.5583620071411133,1.1965340375900269,-1.3145419359207153,0.7308316826820374
49,0.6535446643829346,0.12713825702667236,-0.20949672162532806,0.17922532558441162,-0.6661249399185181,1.2643671035766602,-0.13536767661571503,0.7309256792068481,-0.8736892938613892,-0.07171385735273361,-0.5817261338233948,0.06628422439098358,0.5613539218902588,1.2039146423339844,-1.3210384845733643,0.7307562828063965
50,0.68476402759552,0.14730192720890045,-0.24559363722801208,0.1913582980632782,-0.6592555046081543,1.2607818841934204,-0.14383967220783234,0.7309220433235168,-0.8662902116775513,-0.06120117008686066,-0.5553585886955261,0.0701342225074768,0.5636012554168701,1.213151454925537,-1.3267781734466553,0.7308666706085205
51,0.7162822484970093,0.166983962059021,-0.2805560827255249,0.20243197679519653,-0.6514447331428528,1.2564520835876465,-0.15245112776756287,0.7309190034866333,-0.8605602979660034,-0.05344554781913757,-0.5292583107948303,0.0750301331281662,0.5623155236244202,1.2188040018081665,-1.3360164165496826,0.7309367656707764
52,0.7458723783493042,0.1821356564760208,-0.31238725781440735,0.21062245965003967,-0.6438624858856201,1.2521874904632568,-0.160081148147583,0.7309790849685669,-0.8592399954795837,-0.05002576485276222,-0.5044286847114563,0.07933950424194336,0.5588141083717346,1.2203562259674072,-1.3433048725128174,0.7314528822898865
53,0.7733897566795349,0.19257041811943054,-0.34302008152008057,0.21663658320903778,-0.6372869610786438,1.248459815979004,-0.16614703834056854,0.7309837937355042,-0.8555511236190796,-0.04803439602255821,-0.47934797406196594,0.08346280455589294,0.5543637275695801,1.2183374166488647,-1.3507863283157349,0.7316086292266846
54,0.7871357798576355,0.19498348236083984,-0.3748932182788849,0.22403475642204285,-0.6344355940818787,1.248125433921814,-0.16748365759849548,0.7308209538459778,-0.8519821763038635,-0.04632270336151123,-0.45473068952560425,0.08964310586452484,0.5504880547523499,1.2214244604110718,-1.344272494316101,0.7315162420272827
55,0.8118135333061218,0.19021999835968018,-0.4087023437023163,0.22432535886764526,-0.6323230862617493,1.2470605373382568,-0.16839754581451416,0.7310044169425964,-0.8443363904953003,-0.04498641565442085,-0.4287620186805725,0.10205293446779251,0.5445606708526611,1.2201353311538696,-1.3061184883117676,0.7314052581787109
56,0.8390405178070068,0.18758335709571838,-0.44245362281799316,0.22458747029304504,-0.6293153166770935,1.2453114986419678,-0.16993050277233124,0.7309938073158264,-0.8335943818092346,-0.04300535470247269,-0.40200671553611755,0.11581412702798843,0.5389877557754517,1.2185487747192383,-1.2658822536468506,0.7315526604652405
57,0.8647187352180481,0.185739666223526,-0.4757336378097534,0.22559647262096405,-0.6262785792350769,1.2437634468078613,-0.1701085865497589,0.7309951186180115,-0.8203845620155334,-0.040393851697444916,-0.3745644688606262,0.13021911680698395,0.5331009030342102,1.2163554430007935,-1.2229526042938232,0.7316087484359741
58,0.8878695964813232,0.18309053778648376,-0.5093935132026672,0.22739535570144653,-0.6236864924430847,1.2430436611175537,-0.16703319549560547,0.7309479117393494,-0.8063440322875977,-0.03655282035470009,-0.34622010588645935,0.14709576964378357,0.5252703428268433,1.2134983539581299,-1.1752738952636719,0.7316360473632812
59,0.9040288925170898,0.1804984211921692,-0.5452451109886169,0.23313646018505096,-0.6205963492393494,1.2441589832305908,-0.1535821557044983,0.7308304309844971,-0.7978243827819824,-0.029176363721489906,-0.31680354475975037,0.16879700124263763,0.5119219422340393,1.211527705192566,-1.1255075931549072,0.7312435507774353
60,0.9193190336227417,0.17482024431228638,-0.5840599536895752,0.2390861064195633,-0.6187407970428467,1.2464377880096436,-0.13933619856834412,0.7308130860328674,-0.7959633469581604,-0.02341616526246071,-0.2866261303424835,0.19292522966861725,0.4910009801387787,1.2074373960494995,-1.0622472763061523,0.7313186526298523
61,0.9343222379684448,0.16658103466033936,-0.6224399209022522,0.24600251019001007,-0.6151571869850159,1.2507723569869995,-0.1225283294916153,0.7307025194168091,-0.7990982532501221,-0.032620854675769806,-0.25619468092918396,0.21793372929096222,0.46235716342926025,1.1895514726638794,-1.0566376447677612,0.7316301465034485
62,0.9373522400856018,0.1573648899793625,-0.6565260291099548,0.25471609830856323,-0.6155151128768921,1.256126880645752,-0.10875064134597778,0.7307479381561279,-0.8030305504798889,-0.05190756544470787,-0.2266845554113388,0.24702760577201843,0.432387113571167,1.1684564352035522,-1.0623657703399658,0.7316509485244751
63,0.9415676593780518,0.14776216447353363,-0.68595290184021,0.26065343618392944,-0.6163456439971924,1.2608858346939087,-0.08979813009500504,0.7308085560798645,-0.8182004690170288,-0.07875291258096695,-0.19659844040870667,0.27651482820510864,0.40236949920654297,1.142250895500183,-1.0643439292907715,0.7317167520523071
64,0.9309081435203552,0.13439083099365234,-0.7063433527946472,0.26674914360046387,-0.622084379196167,1.26718008518219,-0.07898998260498047,0.7307626008987427,-0.834087073802948,-0.10736235231161118,-0.16765987873077393,0.30678579211235046,0.37240859866142273,1.1153814792633057,-1.0524967908859253,0.7317395210266113
65,0.9261185526847839,0.11632642894983292,-0.708860456943512,0.261257141828537,-0.6309189796447754,1.2726521492004395,-0.06045929342508316,0.7310131788253784,-0.8484060168266296,-0.13566793501377106,-0.13915026187896729,0.3369462192058563,0.3424501419067383,1.0864911079406738,-1.0295047760009766,0.731759250164032
66,0.9269662499427795,0.0970434695482254,-0.6996026635169983,0.24850782752037048,-0.6406040787696838,1.2771480083465576,-0.041471514850854874,0.7311443090438843,-0.8462164402008057,-0.16491003334522247,-0.1110122799873352,0.36734095215797424,0.31271782517433167,1.0566394329071045,-1.0039434432983398,0.7318091988563538
67,0.9273144006729126,0.0779702365398407,-0.6794226169586182,0.23198384046554565,-0.6498962640762329,1.2809484004974365,-0.025449929758906364,0.7312073111534119,-0.8491490483283997,-0.1932968944311142,-0.08248845487833023,0.3974744975566864,0.28366661071777344,1.0267215967178345,-0.9788950085639954,0.7317849397659302
68,0.9279736280441284,0.05875629559159279,-0.6534347534179688,0.21339638531208038,-0.6580387949943542,1.284442663192749,-0.012659839354455471,0.7312561273574829,-0.8590825200080872,-0.2194403111934662,-0.056600384414196014,0.4267439544200897,0.2598671615123749,0.9967023730278015,-0.9545193314552307,0.7317255735397339
69,0.9284480214118958,0.039429496973752975,-0.6234625577926636,0.19331935048103333,-0.6651039123535156,1.2874666452407837,-0.005647963844239712,0.7312760353088379,-0.8829911351203918,-0.23774591088294983,-0.03500070795416832,0.4533371329307556,0.2345416247844696,0.9669051170349121,-0.9343178868293762,0.7316152453422546
70,0.9320299029350281,0.01934104599058628,-0.5989782810211182,0.17383809387683868,-0.6709151268005371,1.2908107042312622,-0.001049431273713708,0.7312461137771606,-0.9096879363059998,-0.2546793818473816,-0.028894050046801567,0.4742167890071869,0.21656590700149536,0.9394095540046692,-0.9164236783981323,0.7314984798431396
71,0.9386529326438904,-0.0015530397649854422,-0.5817225575447083,0.15581703186035156,-0.6759841442108154,1.294921636581421,0.0059520043432712555,0.7312101125717163,-0.9378601908683777,-0.270237535238266,-0.03277841955423355,0.4915485084056854,0.20002569258213043,0.9168103933334351,-0.8944485187530518,0.7314052581787109
72,0.94309002161026,-0.02261408604681492,-0.5606646537780762,0.13772593438625336,-0.6793474555015564,1.2992019653320312,0.018149804323911667,0.7312129139900208,-0.9685689210891724,-0.2793447971343994,-0.031027626246213913,0.5090011954307556,0.1775052398443222,0.8957118988037109,-0.8692498803138733,0.7313816547393799
73,0.9514369368553162,-0.044522080570459366,-0.5516830682754517,0.12218718975782394,-0.6831677556037903,1.3047770261764526,0.03366421163082123,0.7311409711837769,-0.9975357055664062,-0.2860386073589325,-0.03130791708827019,0.529641330242157,0.15754444897174835,0.8733309507369995,-0.8421478867530823,0.7314044833183289
74,0.9590998291969299,-0.06553609669208527,-0.554071307182312,0.11120990663766861,-0.6886569261550903,1.3117014169692993,0.04784224554896355,0.7310433983802795,-1.0266681909561157,-0.2932526171207428,-0.0325128436088562,0.5535485148429871,0.13693325221538544,0.8565540313720703,-0.8158800601959229,0.7313926219940186
75,0.9614588022232056,-0.08493826538324356,-0.5574434399604797,0.10367581248283386,-0.6946138143539429,1.3192239999771118,0.059327419847249985,0.7310153245925903,-1.0560221672058105,-0.2899490296840668,-0.03118574246764183,0.578330934047699,0.11160337924957275,0.8367533683776855,-0.7885332107543945,0.7313373684883118
76,0.9523152112960815,-0.10006047785282135,-0.5619716644287109,0.10250069200992584,-0.7013790607452393,1.3265836238861084,0.06898308545351028,0.7309949994087219,-1.0851424932479858,-0.2840106785297394,-0.028261899948120117,0.6032835245132446,0.0837426483631134,0.8208839297294617,-0.7607522010803223,0.7313352823257446
77,0.9277021884918213,-0.10783863812685013,-0.5771071910858154,0.11446699500083923,-0.709014356136322,1.3340656757354736,0.08006790280342102,0.7307471632957458,-1.1124826669692993,-0.27694201469421387,-0.03202171251177788,0.6303306818008423,0.05709272250533104,0.8188864588737488,-0.7369897365570068,0.7312460541725159
78,0.8961507678031921,-0.11359758675098419,-0.5978235602378845,0.13126108050346375,-0.7188588976860046,1.341017723083496,0.09103710949420929,0.7306408882141113,-1.1397935152053833,-0.2596927583217621,-0.037993207573890686,0.6587916612625122,0.031669288873672485,0.8147801160812378,-0.7178330421447754,0.7311724424362183
79,0.862861692905426,-0.11721619218587875,-0.6210206747055054,0.15125320851802826,-0.7273977994918823,1.3470678329467773,0.09527892619371414,0.7305961847305298,-1.1653845310211182,-0.24004895985126495,-0.04859261214733124,0.6872284412384033,0.007947923615574837,0.8168255686759949,-0.7017227411270142,0.7311322689056396
80,0.8298424482345581,-0.11837474256753922,-0.6450228691101074,0.17382565140724182,-0.7329213619232178,1.3519753217697144,0.09078164398670197,0.7305691242218018,-1.1908868551254272,-0.22139480710029602,-0.06196531653404236,0.7158358693122864,-0.014725458808243275,0.8283782601356506,-0.6867061257362366,0.7310816049575806
81,0.7980846762657166,-0.1177898719906807,-0.6690881848335266,0.19759558141231537,-0.7355371713638306,1.3558197021484375,0.08219935745000839,0.7305719256401062,-1.217156171798706,-0.20629708468914032,-0.07097042351961136,0.744337797164917,-0.0380295105278492,0.8440911769866943,-0.6694348454475403,0.7311004996299744
82,0.7687506079673767,-0.11644502729177475,-0.6926963925361633,0.22134511172771454,-0.7355132102966309,1.3589214086532593,0.07510741800069809,0.7305684685707092,-1.2427483797073364,-0.19711028039455414,-0.07520595192909241,0.7729408740997314,-0.06217312067747116,0.8629956841468811,-0.650573194026947,0.731141209602356
83,0.7418152093887329,-0.11550382524728775,-0.7150328159332275,0.24427704513072968,-0.7333246469497681,1.3617630004882812,0.07158990949392319,0.7305781841278076,-1.2672524452209473,-0.19778555631637573,-0.07481282949447632,0.8013969659805298,-0.08711453527212143,0.8852079510688782,-0.6290469765663147,0.7312120199203491
84,0.7157411575317383,-0.11816664040088654,-0.7327343821525574,0.2643126845359802,-0.7304912209510803,1.3653528690338135,0.06899809092283249,0.7306628227233887,-1.2905762195587158,-0.21062906086444855,-0.0635347068309784,0.8297821283340454,-0.11347595602273941,0.911140501499176,-0.6046053767204285,0.73129802942276
85,0.6947010159492493,-0.12090852856636047,-0.7439994812011719,0.28106674551963806,-0.7250011563301086,1.3684860467910767,0.06388036161661148,0.7307098507881165,-1.3075112104415894,-0.23121397197246552,-0.042243726551532745,0.8586407899856567,-0.14037387073040009,0.9377246499061584,-0.5782737135887146,0.7313669919967651
86,0.6851156949996948,-0.12389307469129562,-0.7484781742095947,0.29660341143608093,-0.7147815823554993,1.3719571828842163,0.05364758148789406,0.7308348417282104,-1.3121566772460938,-0.25696656107902527,-0.016315817832946777,0.887727677822113,-0.1672467291355133,0.9649114608764648,-0.5508696436882019,0.7314186096191406
87,0.6804887056350708,-0.12657561898231506,-0.7514285445213318,0.31218549609184265,-0.7035300135612488,1.3751451969146729,0.03825093433260918,0.7308575510978699,-1.297074556350708,-0.2854677736759186,0.010446343570947647,0.9173040986061096,-0.19202065467834473,0.9918721318244934,-0.5227658748626709,0.731434166431427
88,0.6755119562149048,-0.13050614297389984,-0.750383734703064,0.3278305232524872,-0.6912311911582947,1.378440260887146,0.02268524467945099,0.7308798432350159,-1.27107834815979,-0.3149680495262146,0.03927304595708847,0.947279155254364,-0.2123866081237793,1.019141674041748,-0.49410027265548706,0.7314341068267822
89,0.6697503328323364,-0.1364337056875229,-0.7456629276275635,0.34356194734573364,-0.6778789162635803,1.382016897201538,0.006352700293064117,0.7308930158615112,-1.2418854236602783,-0.3448195159435272,0.06896326690912247,0.9773909449577332,-0.22742009162902832,1.046644687652588,-0.46512743830680847,0.7314096093177795
90,0.6635454893112183,-0.14428675174713135,-0.7395659685134888,0.35948044061660767,-0.6640844345092773,1.3856785297393799,-0.010136309079825878,0.7308924198150635,-1.2118383646011353,-0.3748098909854889,0.09892938286066055,1.0075448751449585,-0.2357303947210312,1.074399709701538,-0.43599337339401245,0.7313653230667114
91,0.6573104858398438,-0.15285390615463257,-0.7343463897705078,0.3757624626159668,-0.6501560211181641,1.38893723487854,-0.026234230026602745,0.7308819890022278,-1.1815422773361206,-0.40485602617263794,0.12900857627391815,1.0376499891281128,-0.2365081012248993,1.1024020910263062,-0.4067903459072113,0.7313075065612793
92,0.651250958442688,-0.1614788919687271,-0.730523407459259,0.39249852299690247,-0.635948896408081,1.3915506601333618,-0.042749520391225815,0.7308723330497742,-1.1510965824127197,-0.4349134564399719,0.159248486161232,1.0674599409103394,-0.23440074920654297,1.130653977394104,-0.3775750696659088,0.7312756776809692
93,0.6447212100028992,-0.17057186365127563,-0.728821873664856,0.4096934497356415,-0.6217145919799805,1.3935341835021973,-0.060314130038022995,0.7308486700057983,-1.1206231117248535,-0.4650031328201294,0.1896001249551773,1.0963531732559204,-0.23171497881412506,1.1591488122940063,-0.34838587045669556,0.7312556505203247
94,0.6369510889053345,-0.17946504056453705,-0.7300482392311096,0.4276297092437744,-0.6072601079940796,1.394073247909546,-0.07945125550031662,0.7308133244514465,-1.090179204940796,-0.49512726068496704,0.2200229912996292,1.1232293844223022,-0.2286880761384964,1.1876773834228516,-0.31924232840538025,0.7312336564064026
95,0.6344870328903198,-0.19270625710487366,-0.7338032722473145,0.45371904969215393,-0.5832253098487854,1.3709040880203247,-0.10236050188541412,0.7308540344238281,-1.0597554445266724,-0.5252675414085388,0.250476598739624,1.1462920904159546,-0.22228087484836578,1.2161048650741577,-0.29024794697761536,0.7311831116676331
96,0.6338242888450623,-0.20387129485607147,-0.7400223612785339,0.48458415269851685,-0.5561832785606384,1.3407628536224365,-0.1262117326259613,0.7308082580566406,-1.029274344444275,-0.555249035358429,0.28103336691856384,1.1629323959350586,-0.21249373257160187,1.2441924810409546,-0.2614918053150177,0.7311275005340576
97,0.6263357400894165,-0.21127645671367645,-0.7526328563690186,0.5148091316223145,-0.530083179473877,1.3107770681381226,-0.15145772695541382,0.7307435870170593,-0.9985873699188232,-0.5837107300758362,0.31168892979621887,1.1673941612243652,-0.19896933436393738,1.271519422531128,-0.2333199679851532,0.7310466170310974
98,0.6119223237037659,-0.2130974978208542,-0.7681660056114197,0.5449778437614441,-0.5079365968704224,1.280808925628662,-0.17606954276561737,0.730744481086731,-0.9676355123519897,-0.6068552732467651,0.34237346053123474,1.159365177154541,-0.17956940829753876,1.2982861995697021,-0.20625922083854675,0.7309452295303345
99,0.5927097201347351,-0.20905524492263794,-0.7841525077819824,0.5745975971221924,-0.49096301198005676,1.2508790493011475,-0.19979409873485565,0.7307893633842468,-0.9364731907844543,-0.6202265620231628,0.3731134831905365,1.142532229423523,-0.15568751096725464,1.3241379261016846,-0.1808508336544037,0.7308533787727356
100,0.5710277557373047,-0.19667409360408783,-0.8002317547798157,0.6029422879219055,-0.4845034182071686,1.2209337949752808,-0.22154125571250916,0.73088538646698,-0.9053072929382324,-0.6210739016532898,0.40379658341407776,1.1203542947769165,-0.12896205484867096,1.3476054668426514,-0.15785430371761322,0.730778694152832
101,0.5482129454612732,-0.1773303747177124,-0.8177695870399475,0.628584623336792,-0.4908263683319092,1.1909769773483276,-0.23985521495342255,0.7309775352478027,-0.8744139671325684,-0.6107503771781921,0.43429484963417053,1.095093846321106,-0.10072235763072968,1.3674781322479248,-0.13808713853359222,0.7307356595993042
102,0.5245985388755798,-0.15373548865318298,-0.8378521800041199,0.6496944427490234,-0.5077710747718811,1.161055088043213,-0.253831148147583,0.7310320138931274,-0.8438625931739807,-0.5930179357528687,0.46448642015457153,1.0684207677841187,-0.07191606611013412,1.3846112489700317,-0.12291932106018066,0.7307238578796387
103,0.5010510087013245,-0.12877283990383148,-0.8591275215148926,0.6673067212104797,-0.5291610360145569,1.1313884258270264,-0.2624923884868622,0.7310606837272644,-0.8136825561523438,-0.5721464157104492,0.49393725395202637,1.0406713485717773,-0.043154407292604446,1.400884747505188,-0.11198221892118454,0.730735719203949
104,0.482320636510849,-0.10735750943422318,-0.879662275314331,0.6826416850090027,-0.5430616736412048,1.1035410165786743,-0.2706115245819092,0.7310552597045898,-0.7845312356948853,-0.5522193908691406,0.5224153399467468,1.0123026371002197,-0.014510349370539188,1.4188987016677856,-0.10143042355775833,0.7307688593864441
105,0.4767816364765167,-0.10626988112926483,-0.8875899910926819,0.6973461508750916,-0.5373729467391968,1.0807522535324097,-0.2896616458892822,0.7310401797294617,-0.7674837708473206,-0.543417751789093,0.5475030541419983,0.9871059656143188,0.014602448791265488,1.4270555973052979,-0.08917491137981415,0.7308396100997925
106,0.4844319820404053,-0.1225539818406105,-0.8819390535354614,0.71254563331604,-0.5243112444877625,1.0759303569793701,-0.31443431973457336,0.7310476303100586,-0.7644649147987366,-0.5459774732589722,0.5655337572097778,0.9744532108306885,0.043409477919340134,1.4205724000930786,-0.07550173997879028,0.7308858036994934
107,0.49640509486198425,-0.14379920065402985,-0.8755120038986206,0.7251347303390503,-0.5063019394874573,1.0690163373947144,-0.33902090787887573,0.7310104370117188,-0.7559605240821838,-0.5480466485023499,0.5851266980171204,0.9652546644210815,0.07193899154663086,1.4093748331069946,-0.06424015760421753,0.7308984398841858
108,0.5084492564201355,-0.16141799092292786,-0.8698228597640991,0.7348613739013672,-0.4894660413265228,1.0621471405029297,-0.3613247573375702,0.731009304523468,-0.7478901147842407,-0.5498121380805969,0.602645993232727,0.9553362727165222,0.10045798867940903,1.3963344097137451,-0.05231267958879471,0.7308818101882935
109,0.5200971961021423,-0.1755601167678833,-0.8654702305793762,0.7418970465660095,-0.4732065796852112,1.053517460823059,-0.3807077407836914,0.7310036420822144,-0.7407222986221313,-0.5499624609947205,0.6178315877914429,0.9432493448257446,0.12872666120529175,1.3817780017852783,-0.03977213799953461,0.7308602929115295
110,0.5308529138565063,-0.18476656079292297,-0.8628393411636353,0.7458274364471436,-0.45796671509742737,1.044203519821167,-0.3960059881210327,0.7310087084770203,-0.7351399660110474,-0.5489460825920105,0.6299929618835449,0.9296336770057678,0.1566917449235916,1.3657625913619995,-0.02648598700761795,0.7308394908905029
111,0.5424906015396118,-0.19006505608558655,-0.8623829483985901,0.7472238540649414,-0.4420572519302368,1.0351563692092896,-0.4072743058204651,0.7309997081756592,-0.7337154150009155,-0.5469294190406799,0.6389134526252747,0.9142900109291077,0.18412694334983826,1.350441336631775,-0.012663071043789387,0.7308167219161987
112,0.5561517477035522,-0.19516918063163757,-0.8648121356964111,0.7498499751091003,-0.4246756434440613,1.027736783027649,-0.41445276141166687,0.7310024499893188,-0.7386708855628967,-0.5456650257110596,0.6435534954071045,0.8991729617118835,0.21038506925106049,1.3374522924423218,5.08934426761698e-05,0.7308045029640198
113,0.5708922147750854,-0.19955690205097198,-0.8701198697090149,0.7528882622718811,-0.4055348038673401,1.0222914218902588,-0.4165830612182617,0.7309956550598145,-0.7497471570968628,-0.5458781123161316,0.644683837890625,0.8852284550666809,0.23501698672771454,1.3262755870819092,0.01214898843318224,0.7308031916618347
114,0.5848521590232849,-0.2044341266155243,-0.8781195282936096,0.7550768256187439,-0.38582053780555725,1.0196459293365479,-0.41645482182502747,0.7309547066688538,-0.7630131244659424,-0.5460348725318909,0.6461949348449707,0.8727819919586182,0.258565217256546,1.316027045249939,0.023144658654928207,0.7308139801025391
115,0.5970839858055115,-0.21096743643283844,-0.8877423405647278,0.7560548782348633,-0.3653414249420166,1.0191082954406738,-0.4126664996147156,0.730911910533905,-0.7793752551078796,-0.5431221127510071,0.6457460522651672,0.8625152111053467,0.2796756625175476,1.3064345121383667,0.03207048773765564,0.7308037281036377
116,0.6075368523597717,-0.22236770391464233,-0.8986977934837341,0.7585706114768982,-0.3438483774662018,1.0188367366790771,-0.4076785445213318,0.7308869361877441,-0.7965624332427979,-0.5383957624435425,0.6435524225234985,0.8543425798416138,0.29818689823150635,1.2986440658569336,0.03819858282804489,0.7308099269866943
117,0.6159725785255432,-0.23749300837516785,-0.9109654426574707,0.7623596787452698,-0.32155293226242065,1.0194451808929443,-0.4015108346939087,0.7308493852615356,-0.8138437867164612,-0.5325403213500977,0.6396963596343994,0.8486209511756897,0.3133469521999359,1.292986512184143,0.041785113513469696,0.7308228015899658
118,0.6222088932991028,-0.25362181663513184,-0.9244163036346436,0.7658376693725586,-0.29983872175216675,1.0216717720031738,-0.3953867554664612,0.7308176755905151,-0.8282245397567749,-0.5261870622634888,0.6352242231369019,0.8441682457923889,0.3269604742527008,1.288352370262146,0.04344142600893974,0.7308348417282104
119,0.6278097033500671,-0.26977458596229553,-0.9379720687866211,0.7668638825416565,-0.27843722701072693,1.0270037651062012,-0.39206284284591675,0.7307713627815247,-0.8382116556167603,-0.5191235542297363,0.6309317350387573,0.8398699164390564,0.3400976061820984,1.2840423583984375,0.04384192079305649,0.7308420538902283
120,0.6345034837722778,-0.28622305393218994,-0.9503405690193176,0.7662439346313477,-0.2570684254169464,1.034638524055481,-0.39271193742752075,0.7307612895965576,-0.8443842530250549,-0.511719286441803,0.6274707317352295,0.8351762294769287,0.35344064235687256,1.2802886962890625,0.04298574849963188,0.7308483719825745
121,0.6418082118034363,-0.30230093002319336,-0.960847020149231,0.7643091678619385,-0.23664259910583496,1.0437790155410767,-0.3964431583881378,0.7307681441307068,-0.8462201356887817,-0.5034647583961487,0.6256841421127319,0.829018771648407,0.36844152212142944,1.2753115892410278,0.04104360565543175,0.7308468818664551
122,0.6497991681098938,-0.31837987899780273,-0.9690580368041992,0.7617185115814209,-0.21680700778961182,1.0543806552886963,-0.40340253710746765,0.7307852506637573,-0.8451935052871704,-0.4941836893558502,0.6251406669616699,0.8212722539901733,0.3844987154006958,1.269866704940796,0.03828155994415283,0.7308447360992432
123,0.6580658555030823,-0.3349568247795105,-0.974852979183197,0.7596362233161926,-0.19716548919677734,1.0678297281265259,-0.4133838713169098,0.7307900190353394,-0.8443895578384399,-0.4843904972076416,0.6231988072395325,0.8129168152809143,0.3997965455055237,1.2652571201324463,0.03569530323147774,0.7308402061462402
124,0.6665530800819397,-0.3523504137992859,-0.9793797135353088,0.7592284679412842,-0.17728154361248016,1.0847761631011963,-0.4260002374649048,0.7307870388031006,-0.8428049087524414,-0.47434839606285095,0.6176678538322449,0.8042701482772827,0.415100634098053,1.261208176612854,0.031534720212221146,0.7308242321014404
125,0.675571084022522,-0.37062546610832214,-0.9813650846481323,0.7607519626617432,-0.15685662627220154,1.1029396057128906,-0.4418923556804657,0.7308059334754944,-0.839580237865448,-0.4637224078178406,0.6106032133102417,0.7937459349632263,0.43224912881851196,1.2577558755874634,0.02648194134235382,0.7308067083358765
126,0.6836401224136353,-0.38884592056274414,-0.9814077019691467,0.7652391791343689,-0.13658291101455688,1.1218401193618774,-0.46054285764694214,0.7308350205421448,-0.8345577716827393,-0.4526069462299347,0.6016244292259216,0.7822156548500061,0.4502740502357483,1.256117820739746,0.02116980403661728,0.7307929396629333
127,0.6915016770362854,-0.4066070020198822,-0.9809967279434204,0.7720296382904053,-0.11661916226148605,1.1409807205200195,-0.48016998171806335,0.730847954750061,-0.8284095525741577,-0.440271258354187,0.5900977253913879,0.7694743871688843,0.4686221480369568,1.2555272579193115,0.014550781808793545,0.7307759523391724
128,0.6993460059165955,-0.42659369111061096,-0.980613648891449,0.7828062772750854,-0.09696764498949051,1.157219648361206,-0.4994984567165375,0.7308898568153381,-0.8164325952529907,-0.425224244594574,0.5784754157066345,0.755867600440979,0.4888141453266144,1.254088044166565,0.0018201670609414577,0.7307705283164978
129,0.7055210471153259,-0.44566455483436584,-0.9778959155082703,0.7981376051902771,-0.0809614285826683,1.1733729839324951,-0.5191391706466675,0.7309678196907043,-0.7991721034049988,-0.41153663396835327,0.5634421706199646,0.7454675436019897,0.5074428915977478,1.2535045146942139,-0.014707722701132298,0.730778694152832
130,0.7115073800086975,-0.45992207527160645,-0.9710174798965454,0.8175044059753418,-0.07508007436990738,1.1873424053192139,-0.5379945635795593,0.7310099005699158,-0.7774603962898254,-0.3980977237224579,0.546393096446991,0.7381250262260437,0.5236318707466125,1.2539540529251099,-0.033496562391519547,0.7308014035224915
131,0.721101701259613,-0.46542173624038696,-0.9649832844734192,0.8384166955947876,-0.07769434154033661,1.196288824081421,-0.5571240782737732,0.731100857257843,-0.7541122436523438,-0.3848884105682373,0.5291442275047302,0.73306804895401,0.5356757640838623,1.2540212869644165,-0.05101427435874939,0.7308664917945862
132,0.7232429385185242,-0.4605965316295624,-0.9651598930358887,0.8507886528968811,-0.08844023942947388,1.2024239301681519,-0.5778108835220337,0.7311009764671326,-0.7305378913879395,-0.3685290515422821,0.5079289674758911,0.7268591523170471,0.5472318530082703,1.2465929985046387,-0.06804268807172775,0.7308400869369507
133,0.7126421928405762,-0.4514717757701874,-0.9712545275688171,0.8512145280838013,-0.10094854980707169,1.2109452486038208,-0.5977827906608582,0.7310147881507874,-0.7112246751785278,-0.35065022110939026,0.4843076765537262,0.7193552255630493,0.5607335567474365,1.2368351221084595,-0.08482104539871216,0.7307760715484619
134,0.6953988671302795,-0.446510374546051,-0.9797794222831726,0.8531950116157532,-0.11320766806602478,1.2171766757965088,-0.6171453595161438,0.7310368418693542,-0.69668048620224,-0.33312666416168213,0.46059876680374146,0.7108837366104126,0.5777955651283264,1.231297492980957,-0.10183361172676086,0.7307414412498474
135,0.6726575493812561,-0.4461767375469208,-0.9828243255615234,0.861854076385498,-0.13219289481639862,1.222265601158142,-0.6379993557929993,0.7311384081840515,-0.6825058460235596,-0.3162902295589447,0.4342656135559082,0.6996312737464905,0.5964704155921936,1.2292855978012085,-0.11946837604045868,0.7307157516479492
136,0.6471830010414124,-0.44887247681617737,-0.980919599533081,0.8729919195175171,-0.1546926349401474,1.2311320304870605,-0.658501386642456,0.7311612963676453,-0.6726816892623901,-0.3007053732872009,0.40632858872413635,0.687069296836853,0.6154314279556274,1.2305455207824707,-0.13716468214988708,0.7306910753250122
137,0.6219380497932434,-0.45838454365730286,-0.9768590331077576,0.8891362547874451,-0.1765480637550354,1.2394590377807617,-0.67765212059021,0.7312081456184387,-0.6675828099250793,-0.2884032726287842,0.3779642879962921,0.6752005815505981,0.6352078914642334,1.2381356954574585,-0.15475928783416748,0.7306737899780273
138,0.5980992913246155,-0.47079798579216003,-0.9792982935905457,0.9074352383613586,-0.19524529576301575,1.24992835521698,-0.6926736235618591,0.7311546206474304,-0.6672416925430298,-0.27613282203674316,0.3493160009384155,0.6645937561988831,0.6489382386207581,1.2515395879745483,-0.1750907003879547,0.7306850552558899
139,0.574605405330658,-0.4850337505340576,-0.9862926602363586,0.927059531211853,-0.20960736274719238,1.2595272064208984,-0.7072587609291077,0.7311326861381531,-0.669765830039978,-0.2625856101512909,0.32052457332611084,0.654790997505188,0.6573299765586853,1.2668852806091309,-0.19692307710647583,0.7307024002075195
140,0.5518844723701477,-0.49956658482551575,-0.9981855750083923,0.9476161003112793,-0.21994535624980927,1.2700412273406982,-0.7188296914100647,0.7310923337936401,-0.6750978827476501,-0.24796795845031738,0.2917487323284149,0.6466854810714722,0.6607277989387512,1.2848412990570068,-0.2202053964138031,0.7307129502296448
141,0.528437614440918,-0.5122309327125549,-1.0105395317077637,0.9695626497268677,-0.23234540224075317,1.279629111289978,-0.724780261516571,0.731123149394989,-0.6842299103736877,-0.2336665689945221,0.2630481421947479,0.6419777870178223,0.6651738286018372,1.3035892248153687,-0.24291488528251648,0.7306882739067078
142,0.5061966180801392,-0.5225099325180054,-1.022739052772522,0.9934021234512329,-0.24452407658100128,1.2848011255264282,-0.726654052734375,0.7311630249023438,-0.6959061026573181,-0.22044973075389862,0.23460406064987183,0.6394082903862,0.6703869104385376,1.3239595890045166,-0.2643093168735504,0.730674147605896
143,0.4860977530479431,-0.5275130867958069,-1.0365670919418335,1.0181081295013428,-0.2568144202232361,1.2850626707077026,-0.7238703966140747,0.731188178062439,-0.7078978419303894,-0.2081293761730194,0.20685075223445892,0.6375277042388916,0.6747003197669983,1.3462324142456055,-0.28440389037132263,0.7306786775588989
144,0.4680024981498718,-0.5236487984657288,-1.0527589321136475,1.0416193008422852,-0.2683398723602295,1.2799794673919678,-0.7192473411560059,0.7312000393867493,-0.7194754481315613,-0.1961783617734909,0.1802789717912674,0.635180652141571,0.6781671047210693,1.3682185411453247,-0.30206194519996643,0.7306864261627197
145,0.4528416395187378,-0.5117005109786987,-1.0711756944656372,1.0625078678131104,-0.2772608697414398,1.27106511592865,-0.7140113711357117,0.7311894297599792,-0.7309613227844238,-0.1861448734998703,0.15599074959754944,0.63247150182724,0.6816175580024719,1.3890810012817383,-0.3161860406398773,0.7307040095329285
146,0.44154924154281616,-0.49421608448028564,-1.0912483930587769,1.0814341306686401,-0.2839502990245819,1.258064866065979,-0.7096058130264282,0.7311924695968628,-0.7403934597969055,-0.1783595085144043,0.1357307881116867,0.6305384039878845,0.6846832633018494,1.408378005027771,-0.32664281129837036,0.7307543754577637
147,0.43411141633987427,-0.47362881898880005,-1.111875057220459,1.0994049310684204,-0.28925183415412903,1.2416521310806274,-0.706939697265625,0.7312071919441223,-0.746545672416687,-0.17268463969230652,0.1210050880908966,0.6294468641281128,0.6877957582473755,1.4266679286956787,-0.33332279324531555,0.7308163046836853
148,0.43068554997444153,-0.4514608085155487,-1.1327050924301147,1.117219090461731,-0.29320618510246277,1.2221046686172485,-0.7080378532409668,0.7312241196632385,-0.7476840019226074,-0.16974608600139618,0.11485931277275085,0.6309853792190552,0.6904593706130981,1.4436559677124023,-0.3358544111251831,0.7309651374816895
149,0.43011340498924255,-0.4280250370502472,-1.1535394191741943,1.1322441101074219,-0.29470470547676086,1.2003545761108398,-0.7169765830039978,0.7312089800834656,-0.7426467537879944,-0.172056645154953,0.11941544711589813,0.6372680068016052,0.6928891539573669,1.456593632698059,-0.33253273367881775,0.731056272983551
150,0.43174251914024353,-0.4037914574146271,-1.174039363861084,1.1443156003952026,-0.2958909571170807,1.1794737577438354,-0.7294437885284424,0.7311928272247314,-0.7316849827766418,-0.17861595749855042,0.12810061872005463,0.6497218608856201,0.6933794021606445,1.4666547775268555,-0.3254415988922119,0.7311457395553589
151,0.4341624677181244,-0.3787922263145447,-1.194899320602417,1.1530896425247192,-0.2963845431804657,1.1615819931030273,-0.7437607645988464,0.7311574816703796,-0.7178857922554016,-0.18676765263080597,0.1356184035539627,0.6664565205574036,0.6915642619132996,1.4742788076400757,-0.3175552785396576,0.7311802506446838
152,0.4333815574645996,-0.3518802225589752,-1.216607689857483,1.1574002504348755,-0.3009270429611206,1.1462372541427612,-0.7584138512611389,0.7311455607414246,-0.7035918831825256,-0.19460301101207733,0.1453203409910202,0.6840906739234924,0.6887290477752686,1.4789602756500244,-0.31444546580314636,0.7312146425247192
153,0.4313085675239563,-0.3243437707424164,-1.2388031482696533,1.1582258939743042,-0.3079255521297455,1.1337007284164429,-0.7733199000358582,0.7311212420463562,-0.6893859505653381,-0.20301266014575958,0.15729744732379913,0.7009949684143066,0.6868066191673279,1.4825376272201538,-0.31530478596687317,0.7312175035476685
154,0.4299902021884918,-0.29649487137794495,-1.2602916955947876,1.1575027704238892,-0.31572723388671875,1.122248649597168,-0.7902373671531677,0.7311148047447205,-0.6758009791374207,-0.21209870278835297,0.1716385930776596,0.716261625289917,0.6869041323661804,1.485131859779358,-0.3190052807331085,0.7312119603157043
155,0.42970988154411316,-0.2684558629989624,-1.280239224433899,1.1557320356369019,-0.3238545060157776,1.1111304759979248,-0.8101538419723511,0.7311111688613892,-0.6620878577232361,-0.22184418141841888,0.18879804015159607,0.7296855449676514,0.6903406381607056,1.4859910011291504,-0.32501378655433655,0.7312027812004089
156,0.428966224193573,-0.2403300404548645,-1.2977653741836548,1.153032660484314,-0.3310473561286926,1.0978714227676392,-0.8323831558227539,0.7311194539070129,-0.6488276124000549,-0.2294890135526657,0.20910382270812988,0.7413498759269714,0.6954890489578247,1.4852111339569092,-0.33423206210136414,0.7311875820159912
157,0.4280639886856079,-0.2124110907316208,-1.3116990327835083,1.148734450340271,-0.3370058834552765,1.0820609331130981,-0.8558760285377502,0.7311215996742249,-0.6366912722587585,-0.2351676970720291,0.23245646059513092,0.7524064183235168,0.6993604898452759,1.4811913967132568,-0.34721535444259644,0.7311998605728149
158,0.4274517297744751,-0.1856273114681244,-1.3175170421600342,1.1457464694976807,-0.3423304855823517,1.0638198852539062,-0.878811776638031,0.73116534948349,-0.6249136924743652,-0.24052302539348602,0.25837284326553345,0.7657585740089417,0.7023677825927734,1.4744032621383667,-0.36252662539482117,0.7312273383140564
159,0.42798346281051636,-0.16067366302013397,-1.3157174587249756,1.146242618560791,-0.34619712829589844,1.0440971851348877,-0.900920033454895,0.7312086224555969,-0.6130481958389282,-0.2465842366218567,0.28559690713882446,0.781363308429718,0.7085608839988708,1.4672043323516846,-0.3787938952445984,0.7312150001525879
160,0.4279150366783142,-0.13868054747581482,-1.3073830604553223,1.1498101949691772,-0.35182690620422363,1.0243653059005737,-0.9222152829170227,0.7312422394752502,-0.599416196346283,-0.2515868842601776,0.3133438527584076,0.7983565330505371,0.718422532081604,1.4593920707702637,-0.3949580490589142,0.7311860918998718
161,0.42786553502082825,-0.1212439090013504,-1.29389488697052,1.1575922966003418,-0.358574241399765,1.0036720037460327,-0.9415120482444763,0.731288492679596,-0.5858415365219116,-0.2545461356639862,0.34155571460723877,0.8160669207572937,0.7300344705581665,1.453370451927185,-0.4094286561012268,0.7311475276947021
162,0.4295610189437866,-0.11572947353124619,-1.2794362306594849,1.1722747087478638,-0.36396878957748413,0.9833276867866516,-0.9560791850090027,0.7313294410705566,-0.5743002891540527,-0.2561192512512207,0.36937856674194336,0.8335610032081604,0.7459377646446228,1.4541823863983154,-0.42236682772636414,0.7310740351676941
163,0.4320443570613861,-0.1237187385559082,-1.2689447402954102,1.1838282346725464,-0.36457329988479614,0.9728167057037354,-0.9671602845191956,0.7317187190055847,-0.5821287631988525,-0.25936034321784973,0.39395180344581604,0.8562809228897095,0.7580260038375854,1.4545402526855469,-0.4368748664855957,0.730536699295044
164,0.43308934569358826,-0.13038840889930725,-1.2606040239334106,1.1918052434921265,-0.36407768726348877,0.9606039524078369,-0.9708155989646912,0.7317713499069214,-0.5937864780426025,-0.26639220118522644,0.4146455228328705,0.8827811479568481,0.7602800130844116,1.4482378959655762,-0.45539453625679016,0.7305614352226257
165,0.4394969642162323,-0.1414760947227478,-1.261144757270813,1.201087236404419,-0.3664831519126892,0.95131915807724,-0.9736273288726807,0.7319790720939636,-0.609130859375,-0.27103736996650696,0.433367520570755,0.9061686396598816,0.7666769027709961,1.4488379955291748,-0.4749063551425934,0.7301130294799805
166,0.44385194778442383,-0.1444641500711441,-1.2680444717407227,1.2080148458480835,-0.3689727485179901,0.9385467767715454,-0.970377504825592,0.7316379547119141,-0.6144900918006897,-0.277227520942688,0.4507991671562195,0.9304912686347961,0.7714112997055054,1.4506312608718872,-0.495067298412323,0.730752170085907
167,0.45197582244873047,-0.14520201086997986,-1.2799935340881348,1.2095552682876587,-0.38038307428359985,0.9303870797157288,-0.9737212657928467,0.7316982746124268,-0.6281912922859192,-0.2803780138492584,0.46032091975212097,0.9531810879707336,0.7886716723442078,1.4564629793167114,-0.5109046101570129,0.7305209636688232
168,0.45756223797798157,-0.1447417438030243,-1.293402910232544,1.2118611335754395,-0.3932960629463196,0.9199053049087524,-0.9779333472251892,0.731689453125,-0.6417442560195923,-0.28044593334198,0.47011783719062805,0.9735293984413147,0.8066772222518921,1.4632006883621216,-0.5242290496826172,0.7304930090904236
169,0.4655727744102478,-0.14327429234981537,-1.3083710670471191,1.2142250537872314,-0.40860772132873535,0.9101521372795105,-0.9791389107704163,0.7316891551017761,-0.6578608155250549,-0.28013911843299866,0.47808223962783813,0.9946861863136292,0.8231360912322998,1.4712156057357788,-0.5397205352783203,0.7304972410202026
170,0.4618643522262573,-0.14183436334133148,-1.3283846378326416,1.2310842275619507,-0.4228321313858032,0.8915970921516418,-0.9781386256217957,0.7314018607139587,-0.6536617279052734,-0.27857518196105957,0.4919804632663727,1.0117155313491821,0.8421813249588013,1.4865069389343262,-0.5531596541404724,0.7308433055877686
171,0.4411337375640869,-0.140887051820755,-1.354500651359558,1.2571790218353271,-0.4325905740261078,0.870002269744873,-0.9695000052452087,0.7313229441642761,-0.633596658706665,-0.2807392477989197,0.5066317319869995,1.0256134271621704,0.8580668568611145,1.5093278884887695,-0.5582588315010071,0.7309969067573547
172,0.41668570041656494,-0.1328400820493698,-1.383021354675293,1.2827712297439575,-0.4438641369342804,0.8484132289886475,-0.9633125066757202,0.7313355803489685,-0.6145414113998413,-0.287375807762146,0.5175471305847168,1.0438367128372192,0.876846194267273,1.5314198732376099,-0.5544244647026062,0.7309951782226562
173,0.3912026882171631,-0.11764038354158401,-1.4117813110351562,1.3066697120666504,-0.45864835381507874,0.827451229095459,-0.9579187035560608,0.731343150138855,-0.5927046537399292,-0.2995784282684326,0.529954731464386,1.0634679794311523,0.8978314399719238,1.5512969493865967,-0.5470480918884277,0.7309859991073608
174,0.3664710521697998,-0.10199515521526337,-1.4399714469909668,1.3276997804641724,-0.4690766930580139,0.8048772215843201,-0.9523881673812866,0.7313252091407776,-0.5699318051338196,-0.3142153024673462,0.5455087423324585,1.084720253944397,0.9201998114585876,1.5671550035476685,-0.5372945666313171,0.7310099601745605
175,0.34329885244369507,-0.09050250053405762,-1.4676060676574707,1.3484247922897339,-0.4749344289302826,0.7816819548606873,-0.9478381872177124,0.7313180565834045,-0.5461573600769043,-0.329933226108551,0.5626028180122375,1.107208013534546,0.9433795213699341,1.5812366008758545,-0.527172863483429,0.7310078740119934
176,0.320843905210495,-0.08379694819450378,-1.494687795639038,1.3687745332717896,-0.47580796480178833,0.7580223679542542,-0.9437511563301086,0.7312988042831421,-0.5219242572784424,-0.3464166820049286,0.5806725025177002,1.1303675174713135,0.9672409892082214,1.5935256481170654,-0.516247570514679,0.7310070991516113
177,0.2987866699695587,-0.08136606216430664,-1.5209882259368896,1.3869985342025757,-0.470937043428421,0.7339820265769958,-0.9402061700820923,0.7312631607055664,-0.4973336458206177,-0.36284884810447693,0.5997700095176697,1.1533440351486206,0.9920386672019958,1.602455735206604,-0.5036900043487549,0.7310004830360413
178,0.27745088934898376,-0.08355370163917542,-1.5466986894607544,1.3975446224212646,-0.46215584874153137,0.7115734815597534,-0.9360858798027039,0.731197714805603,-0.4733486473560333,-0.3791220784187317,0.6182034015655518,1.1775354146957397,1.017104148864746,1.6065800189971924,-0.48879367113113403,0.7310099601745605
179,0.2648720145225525,-0.08602379262447357,-1.5728306770324707,1.3957269191741943,-0.4527399241924286,0.6916490793228149,-0.9298248887062073,0.731098473072052,-0.4547238349914551,-0.39379754662513733,0.6284525990486145,1.2048629522323608,1.0418226718902588,1.6084150075912476,-0.472954124212265,0.7310420274734497
180,0.26324278116226196,-0.08544904738664627,-1.5968291759490967,1.388350486755371,-0.4444785714149475,0.6743554472923279,-0.9222023487091064,0.7310610413551331,-0.44223013520240784,-0.40570199489593506,0.6327964663505554,1.2332148551940918,1.0653815269470215,1.605025291442871,-0.4570278525352478,0.7310233116149902
181,0.25667375326156616,-0.0816521942615509,-1.6203627586364746,1.382429599761963,-0.4365605115890503,0.6582709550857544,-0.9102601408958435,0.7310084700584412,-0.42572832107543945,-0.4187704622745514,0.6390397548675537,1.2604037523269653,1.087702751159668,1.6011106967926025,-0.4407280385494232,0.7310179471969604
182,0.24618682265281677,-0.0762949287891388,-1.644327998161316,1.3739819526672363,-0.4293891489505768,0.6453391313552856,-0.8948332667350769,0.7310078144073486,-0.40867099165916443,-0.43270036578178406,0.6433058381080627,1.2875468730926514,1.1082484722137451,1.5977909564971924,-0.42406728863716125,0.7310216426849365
183,0.24254734814167023,-0.07446584850549698,-1.6652175188064575,1.368627667427063,-0.41702133417129517,0.6329595446586609,-0.8780592083930969,0.7310102581977844,-0.39210888743400574,-0.4483596980571747,0.6433736681938171,1.3148919343948364,1.1265714168548584,1.596206545829773,-0.40729114413261414,0.7310816049575806
184,0.24804840981960297,-0.07315333932638168,-1.6821255683898926,1.3667142391204834,-0.40439775586128235,0.6267213821411133,-0.8619469404220581,0.7309879064559937,-0.3765544295310974,-0.4657061696052551,0.641806423664093,1.3418290615081787,1.1403651237487793,1.5903538465499878,-0.3908568024635315,0.7310634255409241
185,0.25506392121315,-0.07166443020105362,-1.698467493057251,1.3640040159225464,-0.3922370374202728,0.6234886050224304,-0.8459855318069458,0.7309855222702026,-0.36078524589538574,-0.48374485969543457,0.6392282247543335,1.3692184686660767,1.152130365371704,1.5833303928375244,-0.37455788254737854,0.7311006188392639
186,0.26468876004219055,-0.0684589296579361,-1.7141904830932617,1.3594133853912354,-0.3817231059074402,0.6246052980422974,-0.8305319547653198,0.7308523058891296,-0.34562551975250244,-0.5008322596549988,0.6348059177398682,1.396837830543518,1.1607334613800049,1.5739208459854126,-0.35862115025520325,0.731118381023407
187,0.27781084179878235,-0.06150766834616661,-1.7296713590621948,1.351861834526062,-0.3739406168460846,0.6293620467185974,-0.8157444596290588,0.7308205962181091,-0.3306179940700531,-0.5156227350234985,0.6293296217918396,1.4244238138198853,1.166686773300171,1.5621023178100586,-0.34313637018203735,0.7311163544654846
188,0.2931327223777771,-0.05064122751355171,-1.7449719905853271,1.3465125560760498,-0.37187644839286804,0.6336753964424133,-0.8019775152206421,0.7305791974067688,-0.3164377212524414,-0.5282225608825684,0.6226845979690552,1.4521106481552124,1.1693373918533325,1.5485159158706665,-0.32797834277153015,0.731127917766571
189,0.3096984028816223,-0.0376548245549202,-1.759562373161316,1.3456711769104004,-0.3764324486255646,0.6385312676429749,-0.7918813228607178,0.7303397059440613,-0.3084920048713684,-0.5413925647735596,0.6118485927581787,1.4796067476272583,1.1617456674575806,1.5325740575790405,-0.3140549957752228,0.731249988079071
190,0.3268122375011444,-0.030154792591929436,-1.7749180793762207,1.345965027809143,-0.3786102831363678,0.643111526966095,-0.7847254872322083,0.7302451133728027,-0.30118033289909363,-0.5534406900405884,0.5987588763237,1.5065944194793701,1.151365876197815,1.5156478881835938,-0.3017610013484955,0.7312448620796204
191,0.34477701783180237,-0.02399061620235443,-1.7907350063323975,1.346516728401184,-0.3799396753311157,0.648184061050415,-0.778849184513092,0.730268657207489,-0.2953068017959595,-0.5637587308883667,0.5835376977920532,1.5325899124145508,1.1372615098953247,1.4993963241577148,-0.2909463047981262,0.7312790155410767
192,0.3622604012489319,-0.020631123334169388,-1.8065820932388306,1.3487643003463745,-0.37973082065582275,0.654630720615387,-0.7732243537902832,0.7301135063171387,-0.2943219840526581,-0.5740474462509155,0.5652873516082764,1.5582571029663086,1.1201515197753906,1.482147216796875,-0.2805962860584259,0.7313218116760254
193,0.37985455989837646,-0.016157733276486397,-1.8220082521438599,1.3512641191482544,-0.380379855632782,0.663119375705719,-0.7670792937278748,0.7301222085952759,-0.3023225665092468,-0.5856173038482666,0.5430794358253479,1.583765983581543,1.0983589887619019,1.463993787765503,-0.27040576934814453,0.7314376831054688
194,0.397882342338562,-0.017891597002744675,-1.8400224447250366,1.3559985160827637,-0.3732076585292816,0.6699233651161194,-0.7594031691551208,0.730163037776947,-0.30360496044158936,-0.5925024747848511,0.5195603966712952,1.6083401441574097,1.0791196823120117,1.4471995830535889,-0.2610372304916382,0.7313240170478821
195,0.4165189266204834,-0.016498388722538948,-1.858299732208252,1.3598262071609497,-0.36658135056495667,0.677527129650116,-0.7484732270240784,0.7301428914070129,-0.31100499629974365,-0.5990952849388123,0.49485594034194946,1.63219153881073,1.0562708377838135,1.4315571784973145,-0.2527136504650116,0.7314171195030212
196,0.43483054637908936,-0.01743200607597828,-1.878516674041748,1.3644238710403442,-0.3537948429584503,0.68312007188797,-0.7336750626564026,0.7302222847938538,-0.31123557686805725,-0.5990161299705505,0.46947145462036133,1.6547605991363525,1.0361820459365845,1.417718529701233,-0.24563416838645935,0.7312939167022705
197,0.45341217517852783,-0.016837578266859055,-1.8995414972305298,1.3688910007476807,-0.33934175968170166,0.6893076300621033,-0.7160394787788391,0.7302842736244202,-0.31299346685409546,-0.5962139368057251,0.44367679953575134,1.676218867301941,1.0147476196289062,1.404956340789795,-0.23933565616607666,0.7313246130943298
198,0.47243788838386536,-0.013153936713933945,-1.9210164546966553,1.372392177581787,-0.32399025559425354,0.6962662935256958,-0.6967997550964355,0.7303693890571594,-0.3179517686367035,-0.5906326770782471,0.41713663935661316,1.6952600479125977,0.9922921061515808,1.3925037384033203,-0.23440763354301453,0.7313442230224609
