step,initial_pushpoint_by_right_0,initial_pushpoint_by_right_1,initial_pushpoint_by_right_2
0,-0.11759430170059204,0.040931932628154755,0.05700000002980232
1,-0.11759430170059204,0.040931932628154755,0.05700000002980232
2,-0.11759430170059204,0.040931932628154755,0.05700000002980232
3,-0.11759430170059204,0.040931932628154755,0.05700000002980232
4,-0.11759430170059204,0.040931932628154755,0.05700000002980232
5,-0.11759430170059204,0.040931932628154755,0.05700000002980232
6,-0.11759430170059204,0.040931932628154755,0.05700000002980232
7,-0.11759430170059204,0.040931932628154755,0.05700000002980232
8,-0.11759430170059204,0.040931932628154755,0.05700000002980232
9,-0.11759430170059204,0.040931932628154755,0.05700000002980232
10,-0.11759430170059204,0.040931932628154755,0.05700000002980232
11,-0.11759430170059204,0.040931932628154755,0.05700000002980232
12,-0.11759430170059204,0.040931932628154755,0.05700000002980232
13,-0.11759430170059204,0.040931932628154755,0.05700000002980232
14,-0.11759430170059204,0.040931932628154755,0.05700000002980232
15,-0.11759430170059204,0.040931932628154755,0.05700000002980232
16,-0.11759430170059204,0.040931932628154755,0.05700000002980232
17,-0.11759430170059204,0.040931932628154755,0.05700000002980232
18,-0.11759430170059204,0.040931932628154755,0.05700000002980232
19,-0.11759430170059204,0.040931932628154755,0.05700000002980232
20,-0.11759430170059204,0.040931932628154755,0.05700000002980232
21,-0.11759430170059204,0.040931932628154755,0.05700000002980232
22,-0.11759430170059204,0.040931932628154755,0.05700000002980232
23,-0.11759430170059204,0.040931932628154755,0.05700000002980232
24,-0.11759430170059204,0.040931932628154755,0.05700000002980232
25,-0.11759430170059204,0.040931932628154755,0.05700000002980232
26,-0.11759430170059204,0.040931932628154755,0.05700000002980232
27,-0.11759430170059204,0.040931932628154755,0.05700000002980232
28,-0.11759430170059204,0.040931932628154755,0.05700000002980232
29,-0.11759430170059204,0.040931932628154755,0.05700000002980232
30,-0.11759430170059204,0.040931932628154755,0.05700000002980232
31,-0.11759430170059204,0.040931932628154755,0.05700000002980232
32,-0.11759430170059204,0.040931932628154755,0.05700000002980232
33,-0.11759430170059204,0.040931932628154755,0.05700000002980232
34,-0.11759430170059204,0.040931932628154755,0.05700000002980232
35,-0.11759430170059204,0.040931932628154755,0.05700000002980232
36,-0.11759430170059204,0.040931932628154755,0.05700000002980232
37,-0.11759430170059204,0.040931932628154755,0.05700000002980232
38,-0.11759430170059204,0.040931932628154755,0.05700000002980232
39,-0.11759430170059204,0.040931932628154755,0.05700000002980232
40,-0.11759430170059204,0.040931932628154755,0.05700000002980232
41,-0.11759430170059204,0.040931932628154755,0.05700000002980232
42,-0.11759430170059204,0.040931932628154755,0.05700000002980232
43,-0.11759430170059204,0.040931932628154755,0.05700000002980232
44,-0.11759430170059204,0.040931932628154755,0.05700000002980232
45,-0.11759430170059204,0.040931932628154755,0.05700000002980232
46,-0.11759430170059204,0.040931932628154755,0.05700000002980232
47,-0.11759430170059204,0.040931932628154755,0.05700000002980232
48,-0.11759430170059204,0.040931932628154755,0.05700000002980232
49,-0.11759430170059204,0.040931932628154755,0.05700000002980232
50,-0.11759430170059204,0.040931932628154755,0.05700000002980232
51,-0.11759430170059204,0.040931932628154755,0.05700000002980232
52,-0.11759430170059204,0.040931932628154755,0.05700000002980232
53,-0.11759430170059204,0.040931932628154755,0.05700000002980232
54,-0.11759430170059204,0.040931932628154755,0.05700000002980232
55,-0.11759430170059204,0.040931932628154755,0.05700000002980232
56,-0.11759430170059204,0.040931932628154755,0.05700000002980232
57,-0.11759430170059204,0.040931932628154755,0.05700000002980232
58,-0.11759430170059204,0.040931932628154755,0.05700000002980232
59,-0.11759430170059204,0.040931932628154755,0.05700000002980232
60,-0.11759430170059204,0.040931932628154755,0.05700000002980232
61,-0.11759430170059204,0.040931932628154755,0.05700000002980232
62,-0.11759430170059204,0.040931932628154755,0.05700000002980232
63,-0.11759430170059204,0.040931932628154755,0.05700000002980232
64,-0.11759430170059204,0.040931932628154755,0.05700000002980232
65,-0.11759430170059204,0.040931932628154755,0.05700000002980232
66,-0.11759430170059204,0.040931932628154755,0.05700000002980232
67,-0.11759430170059204,0.040931932628154755,0.05700000002980232
68,-0.11759430170059204,0.040931932628154755,0.05700000002980232
69,-0.11759430170059204,0.040931932628154755,0.05700000002980232
70,-0.11759430170059204,0.040931932628154755,0.05700000002980232
71,-0.11759430170059204,0.040931932628154755,0.05700000002980232
72,-0.11759430170059204,0.040931932628154755,0.05700000002980232
73,-0.11759430170059204,0.040931932628154755,0.05700000002980232
74,-0.11759430170059204,0.040931932628154755,0.05700000002980232
75,-0.11759430170059204,0.040931932628154755,0.05700000002980232
76,-0.11759430170059204,0.040931932628154755,0.05700000002980232
77,-0.11759430170059204,0.040931932628154755,0.05700000002980232
78,-0.11759430170059204,0.040931932628154755,0.05700000002980232
79,-0.11759430170059204,0.040931932628154755,0.05700000002980232
80,-0.11759430170059204,0.040931932628154755,0.05700000002980232
81,-0.11759430170059204,0.040931932628154755,0.05700000002980232
82,-0.11759430170059204,0.040931932628154755,0.05700000002980232
83,-0.11759430170059204,0.040931932628154755,0.05700000002980232
84,-0.11759430170059204,0.040931932628154755,0.05700000002980232
85,-0.11759430170059204,0.040931932628154755,0.05700000002980232
86,-0.11759430170059204,0.040931932628154755,0.05700000002980232
87,-0.11759430170059204,0.040931932628154755,0.05700000002980232
88,-0.11759430170059204,0.040931932628154755,0.05700000002980232
89,-0.11759430170059204,0.040931932628154755,0.05700000002980232
90,-0.11759430170059204,0.040931932628154755,0.05700000002980232
91,-0.11759430170059204,0.040931932628154755,0.05700000002980232
92,-0.11759430170059204,0.040931932628154755,0.05700000002980232
93,-0.11759430170059204,0.040931932628154755,0.05700000002980232
94,-0.11759430170059204,0.040931932628154755,0.05700000002980232
95,-0.11759430170059204,0.040931932628154755,0.05700000002980232
96,-0.11759430170059204,0.040931932628154755,0.05700000002980232
97,-0.11759430170059204,0.040931932628154755,0.05700000002980232
98,-0.11759430170059204,0.040931932628154755,0.05700000002980232
99,-0.11759430170059204,0.040931932628154755,0.05700000002980232
100,-0.11759430170059204,0.040931932628154755,0.05700000002980232
101,-0.11759430170059204,0.040931932628154755,0.05700000002980232
102,-0.11759430170059204,0.040931932628154755,0.05700000002980232
103,-0.11759430170059204,0.040931932628154755,0.05700000002980232
104,-0.11759430170059204,0.040931932628154755,0.05700000002980232
105,-0.11759430170059204,0.040931932628154755,0.05700000002980232
106,-0.11759430170059204,0.040931932628154755,0.05700000002980232
107,-0.11759430170059204,0.040931932628154755,0.05700000002980232
108,-0.11759430170059204,0.040931932628154755,0.05700000002980232
109,-0.11759430170059204,0.040931932628154755,0.05700000002980232
110,-0.11759430170059204,0.040931932628154755,0.05700000002980232
111,-0.11759430170059204,0.040931932628154755,0.05700000002980232
112,-0.11759430170059204,0.040931932628154755,0.05700000002980232
113,-0.11759430170059204,0.040931932628154755,0.05700000002980232
114,-0.11759430170059204,0.040931932628154755,0.05700000002980232
115,-0.11759430170059204,0.040931932628154755,0.05700000002980232
116,-0.11759430170059204,0.040931932628154755,0.05700000002980232
117,-0.11759430170059204,0.040931932628154755,0.05700000002980232
118,-0.11759430170059204,0.040931932628154755,0.05700000002980232
119,-0.11759430170059204,0.040931932628154755,0.05700000002980232
120,-0.11759430170059204,0.040931932628154755,0.05700000002980232
121,-0.11759430170059204,0.040931932628154755,0.05700000002980232
122,-0.11759430170059204,0.040931932628154755,0.05700000002980232
123,-0.11759430170059204,0.040931932628154755,0.05700000002980232
124,-0.11759430170059204,0.040931932628154755,0.05700000002980232
125,-0.11759430170059204,0.040931932628154755,0.05700000002980232
126,-0.11759430170059204,0.040931932628154755,0.05700000002980232
127,-0.11759430170059204,0.040931932628154755,0.05700000002980232
128,-0.11759430170059204,0.040931932628154755,0.05700000002980232
129,-0.11759430170059204,0.040931932628154755,0.05700000002980232
130,-0.11759430170059204,0.040931932628154755,0.05700000002980232
131,-0.11759430170059204,0.040931932628154755,0.05700000002980232
132,-0.11759430170059204,0.040931932628154755,0.05700000002980232
133,-0.11759430170059204,0.040931932628154755,0.05700000002980232
134,-0.11759430170059204,0.040931932628154755,0.05700000002980232
135,-0.11759430170059204,0.040931932628154755,0.05700000002980232
136,-0.11759430170059204,0.040931932628154755,0.05700000002980232
137,-0.11759430170059204,0.040931932628154755,0.05700000002980232
138,-0.11759430170059204,0.040931932628154755,0.05700000002980232
139,-0.11759430170059204,0.040931932628154755,0.05700000002980232
140,-0.11759430170059204,0.040931932628154755,0.05700000002980232
141,-0.11759430170059204,0.040931932628154755,0.05700000002980232
142,-0.11759430170059204,0.040931932628154755,0.05700000002980232
143,-0.11759430170059204,0.040931932628154755,0.05700000002980232
144,-0.11759430170059204,0.040931932628154755,0.05700000002980232
145,-0.11759430170059204,0.040931932628154755,0.05700000002980232
146,-0.11759430170059204,0.040931932628154755,0.05700000002980232
147,-0.11759430170059204,0.040931932628154755,0.05700000002980232
148,-0.11759430170059204,0.040931932628154755,0.05700000002980232
149,-0.11759430170059204,0.040931932628154755,0.05700000002980232
150,-0.11759430170059204,0.040931932628154755,0.05700000002980232
151,-0.11759430170059204,0.040931932628154755,0.05700000002980232
152,-0.11759430170059204,0.040931932628154755,0.05700000002980232
153,-0.11759430170059204,0.040931932628154755,0.05700000002980232
154,-0.11759430170059204,0.040931932628154755,0.05700000002980232
155,-0.11759430170059204,0.040931932628154755,0.05700000002980232
156,-0.11759430170059204,0.040931932628154755,0.05700000002980232
157,-0.11759430170059204,0.040931932628154755,0.05700000002980232
158,-0.11759430170059204,0.040931932628154755,0.05700000002980232
159,-0.11759430170059204,0.040931932628154755,0.05700000002980232
160,-0.11759430170059204,0.040931932628154755,0.05700000002980232
161,-0.11759430170059204,0.040931932628154755,0.05700000002980232
162,-0.11759430170059204,0.040931932628154755,0.05700000002980232
163,-0.11759430170059204,0.040931932628154755,0.05700000002980232
164,-0.11759430170059204,0.040931932628154755,0.05700000002980232
165,-0.11759430170059204,0.040931932628154755,0.05700000002980232
166,-0.11759430170059204,0.040931932628154755,0.05700000002980232
167,-0.11759430170059204,0.040931932628154755,0.05700000002980232
168,-0.11759430170059204,0.040931932628154755,0.05700000002980232
169,-0.11759430170059204,0.040931932628154755,0.05700000002980232
170,-0.11759430170059204,0.040931932628154755,0.05700000002980232
171,-0.11759430170059204,0.040931932628154755,0.05700000002980232
172,-0.11759430170059204,0.040931932628154755,0.05700000002980232
173,-0.11759430170059204,0.040931932628154755,0.05700000002980232
174,-0.11759430170059204,0.040931932628154755,0.05700000002980232
175,-0.11759430170059204,0.040931932628154755,0.05700000002980232
176,-0.11759430170059204,0.040931932628154755,0.05700000002980232
177,-0.11759430170059204,0.040931932628154755,0.05700000002980232
178,-0.11759430170059204,0.040931932628154755,0.05700000002980232
179,-0.11759430170059204,0.040931932628154755,0.05700000002980232
180,-0.11759430170059204,0.040931932628154755,0.05700000002980232
181,-0.11759430170059204,0.040931932628154755,0.05700000002980232
182,-0.11759430170059204,0.040931932628154755,0.05700000002980232
183,-0.11759430170059204,0.040931932628154755,0.05700000002980232
184,-0.11759430170059204,0.040931932628154755,0.05700000002980232
185,-0.11759430170059204,0.040931932628154755,0.05700000002980232
186,-0.11759430170059204,0.040931932628154755,0.05700000002980232
187,-0.11759430170059204,0.040931932628154755,0.05700000002980232
188,-0.11759430170059204,0.040931932628154755,0.05700000002980232
189,-0.11759430170059204,0.040931932628154755,0.05700000002980232
190,-0.11759430170059204,0.040931932628154755,0.05700000002980232
191,-0.11759430170059204,0.040931932628154755,0.05700000002980232
192,-0.11759430170059204,0.040931932628154755,0.05700000002980232
193,-0.11759430170059204,0.040931932628154755,0.05700000002980232
194,-0.11759430170059204,0.040931932628154755,0.05700000002980232
195,-0.11759430170059204,0.040931932628154755,0.05700000002980232
196,-0.11759430170059204,0.040931932628154755,0.05700000002980232
197,-0.11759430170059204,0.040931932628154755,0.05700000002980232
198,-0.11759430170059204,0.040931932628154755,0.05700000002980232
