step,actions_0,actions_1,actions_2,actions_3,actions_4,actions_5,actions_6,actions_7,actions_8,actions_9,actions_10,actions_11,actions_12,actions_13,actions_14,actions_15
0,-0.984546422958374,0.9980367422103882,-0.9919534921646118,-0.6500238180160522,-0.9767841696739197,-0.8545669317245483,0.3558318018913269,-0.23742438852787018,0.9721803665161133,0.9511554837226868,0.9847366809844971,-0.9315696358680725,0.9774418473243713,-0.3264712393283844,-0.7020004987716675,0.03383106365799904
1,-0.9871416091918945,0.9979238510131836,-0.9763223528862,-0.8060749769210815,-0.9891692996025085,-0.6926524043083191,-0.4963668882846832,-0.3286724090576172,0.9825690388679504,0.9458733201026917,0.9874603152275085,-0.8853773474693298,0.993131160736084,-0.4835189878940582,-0.8349193334579468,-0.10958192497491837
2,-0.9901410341262817,0.996246337890625,-0.981176495552063,-0.8851377964019775,-0.9780337810516357,-0.5242209434509277,-0.6827032566070557,-0.16733047366142273,0.9776583909988403,0.9616566300392151,0.9504948854446411,-0.8922944664955139,0.9932848215103149,-0.3783092200756073,-0.8914325833320618,-0.24035266041755676
3,-0.990989625453949,0.9857670664787292,-0.9692165851593018,-0.9000361561775208,-0.9643098711967468,-0.5376399159431458,-0.737910270690918,-0.025400955229997635,0.9824520349502563,0.9751482605934143,0.9193458557128906,-0.9313271045684814,0.9967252016067505,-0.3677596151828766,-0.933523952960968,-0.2812480926513672
4,-0.9860901832580566,0.9034411907196045,-0.9081878662109375,-0.8679309487342834,-0.8918004035949707,-0.6668673157691956,-0.7648540735244751,0.10250543057918549,0.9843447208404541,0.9817007184028625,0.8984715938568115,-0.954359233379364,0.998244047164917,-0.21365302801132202,-0.9277463555335999,-0.31419333815574646
5,-0.982775866985321,0.34787243604660034,-0.5814193487167358,-0.8477736115455627,-0.7339989542961121,-0.6621087193489075,-0.7494543194770813,0.08404281735420227,0.9883043766021729,0.9860906600952148,0.9216378331184387,-0.9653287529945374,0.999057948589325,-0.19131238758563995,-0.9216930866241455,-0.288440078496933
6,-0.9733032584190369,-0.3637905716896057,-0.45603373646736145,-0.734573483467102,-0.2939743101596832,-0.650938868522644,-0.5631383061408997,0.19313420355319977,0.9896787405014038,0.9857338666915894,0.9557087421417236,-0.9807716012001038,0.9991819262504578,0.036440860480070114,-0.8303163051605225,-0.3297334909439087
7,-0.9320449829101562,-0.1078997477889061,-0.6692600846290588,-0.7680795788764954,0.34800633788108826,-0.48080188035964966,-0.3971139192581177,0.28190740942955017,0.9927710890769958,0.9782325625419617,0.9602077007293701,-0.9825093150138855,0.9990419149398804,-0.0890975371003151,-0.5224969983100891,-0.41753411293029785
8,-0.3279099464416504,-0.46704307198524475,-0.7377196550369263,-0.469882994890213,0.8322364687919617,-0.2513160705566406,-0.0864047259092331,0.4040212631225586,0.9895866513252258,0.9200779795646667,0.9888875484466553,-0.9535236358642578,0.9982399940490723,-0.09317885339260101,0.1996370553970337,-0.5249243974685669
9,0.463213711977005,-0.14336110651493073,-0.822665274143219,-0.5006554126739502,0.8429229855537415,-0.06456046551465988,0.4473768174648285,0.476445734500885,0.9843132495880127,0.7616857290267944,0.9930837154388428,-0.9137212634086609,0.9968947768211365,-0.041935257613658905,0.33123457431793213,-0.5907833576202393
10,0.8481384515762329,-0.10893834382295609,-0.9201619625091553,-0.1632717400789261,0.7062203884124756,0.19625842571258545,0.13005433976650238,0.6269801259040833,0.9769402742385864,0.5296579599380493,0.996799647808075,-0.8669317364692688,0.9978315234184265,-0.04882463440299034,0.16317756474018097,-0.7606593370437622
11,0.9706665277481079,-0.19738075137138367,-0.9469484090805054,0.14031462371349335,0.6637663245201111,0.08679646998643875,-0.012437774799764156,0.7677837610244751,0.9005773067474365,0.46380752325057983,0.9982103109359741,-0.8039261102676392,0.9974881410598755,0.13527406752109528,-0.40304142236709595,-0.8700246810913086
12,0.990226149559021,-0.004960556048899889,-0.9376747012138367,-0.03082127310335636,0.5084648728370667,0.30945348739624023,-0.24031586945056915,0.8030223846435547,0.6818212270736694,0.23095197975635529,0.9982125759124756,-0.6969305276870728,0.9961631894111633,0.18246634304523468,-0.6974350214004517,-0.9219518303871155
13,0.9846771955490112,-0.20614707469940186,-0.9520492553710938,-0.35889679193496704,0.4442334771156311,0.570375919342041,-0.4388295114040375,0.8407944440841675,0.4913877248764038,0.1895434856414795,0.9968681931495667,-0.7778672575950623,0.9961897134780884,-0.05667431652545929,-0.6933943033218384,-0.9509762525558472
14,0.9786960482597351,-0.3358210027217865,-0.9681485891342163,-0.231730118393898,0.45750635862350464,0.57085120677948,-0.4027833938598633,0.8169978260993958,0.4791038930416107,0.141323521733284,0.9938337206840515,-0.8357054591178894,0.9967387914657593,-0.043185655027627945,-0.6309281587600708,-0.9372571706771851
15,0.9550044536590576,-0.46159568428993225,-0.972528338432312,-0.39857417345046997,0.46268340945243835,0.6840430498123169,-0.4108526408672333,0.829745352268219,0.37428194284439087,-0.04894794523715973,0.9795315861701965,-0.8634427189826965,0.9962947964668274,0.13924133777618408,-0.5267460942268372,-0.9255325794219971
16,0.9428297877311707,-0.7326318621635437,-0.9837960004806519,-0.2896251678466797,0.8467608094215393,0.49322718381881714,-0.5136527419090271,0.8729132413864136,0.6035239696502686,-0.1046791598200798,0.9591566324234009,-0.8999788761138916,0.9966073036193848,0.3994389474391937,-0.3290935158729553,-0.9102103114128113
17,0.9042111039161682,-0.8079109191894531,-0.9784715175628662,-0.30309954285621643,0.9397459030151367,0.12822355329990387,-0.667113184928894,0.8835813999176025,0.765267550945282,-0.41374558210372925,0.9242041110992432,-0.8716416954994202,0.9956446886062622,0.5127937197685242,-0.1657456010580063,-0.8734909296035767
18,0.7502260804176331,-0.816543459892273,-0.9578812122344971,-0.6013535857200623,0.8414826393127441,0.4456639587879181,-0.7877051830291748,0.8718255758285522,0.23662422597408295,-0.5812653303146362,0.6933106184005737,-0.8088598251342773,0.9795693755149841,0.44340789318084717,-0.3595968782901764,-0.8375805020332336
19,0.68141770362854,-0.9316303730010986,-0.8815222978591919,-0.6938797235488892,0.5622243285179138,0.786698579788208,-0.7063398361206055,0.8185643553733826,-0.712431013584137,-0.7989751696586609,0.5483221411705017,-0.43097755312919617,0.8814147710800171,0.17904290556907654,-0.522597074508667,-0.7641286849975586
20,0.7950795888900757,-0.968845784664154,-0.766539990901947,-0.5977813005447388,0.3244599997997284,0.7993097901344299,-0.550973653793335,0.7904216051101685,-0.9600486159324646,-0.9230829477310181,0.2867642045021057,0.14664503931999207,0.2707012891769409,0.40937161445617676,-0.6576284170150757,-0.647824764251709
21,0.9100469350814819,-0.9705414175987244,-0.6220666170120239,-0.46539413928985596,0.3078385293483734,0.7314549684524536,-0.407304972410202,0.7914531230926514,-0.9807506203651428,-0.9535576105117798,-0.06951913982629776,0.267398864030838,-0.398441344499588,0.7258623838424683,-0.6009523868560791,-0.5597529411315918
22,0.9557590484619141,-0.9650455117225647,-0.3108292520046234,-0.22130218148231506,0.1286361664533615,0.5679359436035156,0.0035113547928631306,0.7137497663497925,-0.963202178478241,-0.9783503413200378,-0.10126859694719315,0.4645385146141052,-0.6385585069656372,0.774983823299408,-0.5234180688858032,-0.32288992404937744
23,0.9441202282905579,-0.942042350769043,-0.11908263713121414,-0.43544793128967285,-0.012785691767930984,0.44248971343040466,0.3663145899772644,0.6292935013771057,-0.9514937400817871,-0.9827677011489868,-0.3927033841609955,0.4076291024684906,-0.6407325267791748,0.7659627795219421,-0.4605191946029663,-0.16680799424648285
24,0.9395275115966797,-0.9600605368614197,-0.02033918723464012,-0.1331206113100052,0.008328245021402836,0.092918261885643,0.5248932242393494,0.5358631610870361,-0.9101539850234985,-0.9835611581802368,-0.23912352323532104,0.38238415122032166,-0.5263540744781494,0.7251049280166626,-0.5117765069007874,0.03945572301745415
25,0.9150853157043457,-0.9192533493041992,0.05809351056814194,-0.1720883697271347,0.08383695781230927,-0.15282012522220612,0.5851825475692749,0.4329138398170471,-0.8767653107643127,-0.9815168380737305,-0.2987792193889618,0.4463919699192047,-0.4092805087566376,0.717958927154541,-0.5158117413520813,0.08570917695760727
26,0.8972774744033813,-0.8590526580810547,0.14379076659679413,-0.2329690158367157,0.2881982624530792,-0.3575936555862427,0.5272109508514404,0.34298431873321533,-0.8228779435157776,-0.9787763357162476,-0.22195929288864136,0.5020822882652283,-0.25837242603302,0.7089027762413025,-0.5106586813926697,0.06569144129753113
27,0.8614194989204407,-0.789501965045929,0.11400840431451797,-0.3076377511024475,0.38454529643058777,-0.34888961911201477,0.45038267970085144,0.33755648136138916,-0.865257740020752,-0.9773199558258057,-0.2677045166492462,0.6475985050201416,-0.13792602717876434,0.7666999697685242,-0.4924940764904022,-0.05881882458925247
28,0.85292649269104,-0.7077253460884094,0.1092192754149437,-0.37070685625076294,0.4040696322917938,-0.37265756726264954,0.41132038831710815,0.3508281111717224,-0.851743221282959,-0.9770333170890808,-0.0977552980184555,0.7009166479110718,-0.07375306636095047,0.7993934154510498,-0.42087748646736145,-0.14518624544143677
29,0.8642861247062683,-0.6257758140563965,0.16354379057884216,-0.3642510175704956,0.3728231191635132,-0.3482661843299866,0.37740686535835266,0.3763574957847595,-0.8630464673042297,-0.9719314575195312,-0.16986221075057983,0.6955074071884155,-0.049802910536527634,0.8445231914520264,-0.3855575621128082,-0.1402961015701294
30,0.8559696078300476,-0.6325715780258179,0.2596508264541626,-0.22638967633247375,0.30973121523857117,-0.37420493364334106,0.36291953921318054,0.3806532025337219,-0.8564434051513672,-0.9648663401603699,-0.1630834937095642,0.6616721749305725,-0.007326352410018444,0.8658333420753479,-0.40014129877090454,-0.05283643305301666
31,0.8787913918495178,-0.6579496264457703,0.289590448141098,-0.01813516765832901,0.26232051849365234,-0.3961584270000458,0.3858761191368103,0.39001548290252686,-0.8531109690666199,-0.9556939601898193,-0.14540915191173553,0.6565841436386108,0.03972262889146805,0.875336229801178,-0.4027344584465027,0.023442324250936508
32,0.8900412321090698,-0.7189199328422546,0.2785249352455139,-0.01355988159775734,0.39630571007728577,-0.3783908486366272,0.3364799916744232,0.4477442800998688,-0.852318525314331,-0.9417955279350281,-0.19143246114253998,0.6503098011016846,0.13111759722232819,0.8764737844467163,-0.33930349349975586,-0.0009999271715059876
33,0.8793708086013794,-0.7744364738464355,0.23816165328025818,-0.09403757750988007,0.5238134860992432,-0.3346494436264038,0.22108784317970276,0.5150789022445679,-0.8465293049812317,-0.9239261150360107,-0.25531288981437683,0.652241587638855,0.23912003636360168,0.8654329180717468,-0.2134985774755478,-0.054317694157361984
34,0.8743210434913635,-0.7738575339317322,0.19845421612262726,0.025306543335318565,0.4755460023880005,-0.12005743384361267,0.1212853267788887,0.5709052085876465,-0.8524405360221863,-0.8941115736961365,-0.2576829791069031,0.7214431166648865,0.316156268119812,0.8670874834060669,-0.08576878160238266,-0.06650873273611069
35,0.8623828887939453,-0.7413088083267212,-0.025228748098015785,0.03617751598358154,0.578723669052124,0.05226343125104904,0.11206184327602386,0.6385579109191895,-0.8350967764854431,-0.8567768335342407,-0.26366084814071655,0.7801477313041687,0.39202213287353516,0.8492025136947632,0.0972282737493515,-0.08582579344511032
36,0.8494056463241577,-0.6764236688613892,-0.20133963227272034,0.24993030726909637,0.4995672106742859,0.26023685932159424,0.15330906212329865,0.6744595766067505,-0.810229480266571,-0.8331338167190552,-0.18252059817314148,0.8467398881912231,0.42818018794059753,0.834736168384552,0.22988705337047577,-0.03561345860362053
37,0.8260716795921326,-0.6547480821609497,-0.3076092600822449,0.47162917256355286,0.3541170656681061,0.49930471181869507,0.24969279766082764,0.7191498875617981,-0.8051323890686035,-0.8225595951080322,-0.09995687752962112,0.9061971306800842,0.3713548481464386,0.8107749223709106,0.3535288870334625,-0.008296776562929153
38,0.742897093296051,-0.7231459617614746,-0.3413527011871338,0.5603115558624268,0.23558786511421204,0.6774318814277649,0.37864601612091064,0.7758849263191223,-0.8079007267951965,-0.8031360507011414,-0.016520904377102852,0.9440405964851379,0.1619063913822174,0.7147525548934937,0.4532608091831207,-0.034873463213443756
39,0.5124279856681824,-0.8272297978401184,-0.3105773329734802,0.6729633212089539,0.1467195451259613,0.74711012840271,0.5673232078552246,0.8179918527603149,-0.77660071849823,-0.7432714700698853,0.12150950729846954,0.9621096253395081,-0.0428936593234539,0.5255414843559265,0.618451714515686,-0.010775178670883179
40,0.19311460852622986,-0.8756138682365417,-0.24502700567245483,0.785431981086731,0.014031085185706615,0.746593713760376,0.6954907178878784,0.849294900894165,-0.7903220653533936,-0.5666987895965576,0.30815833806991577,0.9700426459312439,-0.10360021889209747,0.2741726338863373,0.7036312818527222,0.08551572263240814
41,-0.12802472710609436,-0.9152363538742065,-0.17685896158218384,0.8676430583000183,0.016663797199726105,0.6233652830123901,0.7728252410888672,0.8889161348342896,-0.8387619256973267,-0.24300195276737213,0.4202319085597992,0.9707803726196289,-0.024923406541347504,0.07824822515249252,0.7338483929634094,0.12248950451612473
42,-0.30378350615501404,-0.9464223384857178,-0.09264232963323593,0.9030373096466064,0.052679482847452164,0.5134372711181641,0.8249396085739136,0.9174870252609253,-0.8787198066711426,0.058176733553409576,0.5182653665542603,0.9724206328392029,-0.006574655417352915,-0.08591493964195251,0.7107014656066895,0.09180735796689987
43,-0.3874770402908325,-0.9513673186302185,-0.14403171837329865,0.9277927279472351,0.13549713790416718,0.32888904213905334,0.8237009048461914,0.9323579668998718,-0.9062014818191528,0.3584285378456116,0.6096769571304321,0.971005380153656,0.1539604514837265,-0.11690285801887512,0.5976529717445374,0.04376602917909622
44,-0.5670737028121948,-0.9356585741043091,-0.3802843391895294,0.9356650710105896,0.2994929552078247,-0.21122270822525024,0.728786051273346,0.9390766620635986,-0.918232262134552,0.6294443011283875,0.6308574676513672,0.9576764106750488,0.5011065602302551,-0.25652194023132324,0.35342180728912354,0.05743302032351494
45,-0.701809287071228,-0.9226092100143433,-0.46365079283714294,0.9371984004974365,0.4747816324234009,-0.7792884111404419,0.5667158365249634,0.94228196144104,-0.9359917044639587,0.8333643674850464,0.6442427635192871,0.9185138940811157,0.8000158667564392,-0.40585562586784363,-0.12884269654750824,0.11541413515806198
46,-0.7671651244163513,-0.7958672642707825,-0.5960440635681152,0.9351562857627869,0.4690840244293213,-0.9579616189002991,0.3464304804801941,0.938312292098999,-0.9498323202133179,0.9436796307563782,0.7116637825965881,0.7827504277229309,0.9246503114700317,-0.408872127532959,-0.6104378700256348,0.13104622066020966
47,-0.8388553261756897,-0.799558162689209,-0.6997109651565552,0.9023882746696472,0.7414148449897766,-0.9813225269317627,0.26592281460762024,0.947440505027771,-0.9573583006858826,0.9819520115852356,0.38389062881469727,0.4560132622718811,0.9421499371528625,-0.33402422070503235,-0.803775429725647,-0.05635902285575867
48,-0.8776719570159912,-0.693337619304657,-0.8903314471244812,0.9404499530792236,0.8880454301834106,-0.9942747950553894,0.307596892118454,0.9333915710449219,-0.952053427696228,0.9975726008415222,-0.6261017322540283,-0.5484132766723633,0.887814998626709,-0.3638658821582794,-0.9387876987457275,-0.07932590693235397
49,-0.9309631586074829,-0.7904515862464905,-0.9321767091751099,0.9812164902687073,0.9355725049972534,-0.9982795715332031,0.43347102403640747,0.880064845085144,-0.8974499702453613,0.9996678233146667,-0.9647454023361206,-0.9789846539497375,0.8380221128463745,-0.23865902423858643,-0.9780808091163635,0.19266289472579956
50,-0.9396065473556519,-0.9534579515457153,-0.6679098606109619,0.9949658513069153,0.6326957941055298,-0.9991211891174316,0.15122967958450317,0.7817464470863342,-0.5429872274398804,0.9999351501464844,-0.9668375849723816,-0.9976311922073364,0.7480684518814087,-0.19160830974578857,-0.9971721768379211,0.6361739039421082
51,-0.9760980010032654,-0.983323872089386,0.5749619007110596,0.9989539980888367,-0.5952244997024536,-0.9997061491012573,-0.06604217737913132,0.8088630437850952,-0.2660336494445801,0.9999169111251831,-0.6844500303268433,-0.998587429523468,0.772939920425415,-0.22013011574745178,-0.9983474016189575,0.7990217208862305
52,-0.9660842418670654,-0.9735168218612671,0.9272370338439941,0.9994156956672668,-0.9302929043769836,-0.9995020031929016,-0.07792491465806961,0.9196702241897583,-0.44347429275512695,0.9997820258140564,0.13028965890407562,-0.9978053569793701,0.6999415755271912,-0.029077138751745224,-0.9940711855888367,0.7357077598571777
53,-0.9807168841362,-0.5591345429420471,0.963272750377655,0.9994699358940125,-0.9776453375816345,-0.9984984397888184,-0.1259472817182541,0.9073907136917114,-0.3131149113178253,0.9991188645362854,-0.07973019778728485,-0.9948635101318359,0.21577215194702148,0.5301945209503174,-0.9725771546363831,0.6506327390670776
54,-0.9954850077629089,0.6876708269119263,0.9931468963623047,0.9997845888137817,-0.993207573890686,-0.9994398951530457,-0.3514959514141083,0.7053232192993164,0.5903992056846619,0.9968063235282898,0.23194213211536407,-0.9870476126670837,0.15412896871566772,0.8844677805900574,-0.8654299974441528,0.8689489364624023
55,-0.9978507161140442,0.9873214960098267,0.9959247708320618,0.9982330203056335,-0.9902560114860535,-0.9955453872680664,-0.07634957879781723,0.42163529992103577,0.5429248809814453,0.9663233160972595,-0.5452283620834351,-0.7752686738967896,-0.2457410991191864,0.9118473529815674,-0.006169956177473068,0.7870560884475708
56,-0.9996480345726013,0.9964534640312195,0.9913457036018372,0.9928385019302368,-0.993209719657898,-0.9882569909095764,0.1573478877544403,0.07482247054576874,0.7375589609146118,0.9241200685501099,-0.29784339666366577,-0.0741545632481575,0.12237361073493958,0.739433765411377,0.8184188008308411,0.9272439479827881
57,-0.9994258284568787,0.9984840154647827,0.9794396758079529,0.963824450969696,-0.9903843998908997,-0.854712724685669,-0.040429774671792984,-0.028382975608110428,0.5530917644500732,0.9109397530555725,-0.7441232204437256,0.4281840920448303,-0.5301052927970886,0.7179893255233765,0.8608958721160889,0.9077068567276001
58,-0.999732255935669,0.9993104934692383,0.9439873695373535,0.9166591763496399,-0.9862957000732422,-0.4108233153820038,-0.09701169282197952,-0.4550227224826813,0.7017731666564941,0.8225261569023132,-0.8061065077781677,0.8879584074020386,-0.7550976276397705,0.496990442276001,0.945365309715271,0.9374992847442627
59,-0.9997439384460449,0.9993426203727722,0.765357255935669,0.6693368554115295,-0.813416600227356,0.11626255512237549,0.0777294710278511,-0.6267395615577698,0.8516409993171692,0.7579447627067566,-0.9449197053909302,0.9482423067092896,-0.9512142539024353,0.33115485310554504,0.9840322136878967,0.9038779139518738
60,-0.9995355606079102,0.9982954859733582,0.052787426859140396,0.42591729760169983,-0.2827374339103699,0.4667978286743164,0.12604066729545593,-0.7433586120605469,0.9149277210235596,0.510249674320221,-0.9763955473899841,0.8979743123054504,-0.9853452444076538,-0.05947200581431389,0.9916961193084717,0.807164192199707
61,-0.9979441165924072,0.9928252696990967,-0.4941655099391937,0.13434776663780212,-0.22050458192825317,0.7663922309875488,0.10503385215997696,-0.8855716586112976,0.9390891790390015,-0.2383931577205658,-0.9918438196182251,0.7030653357505798,-0.9855327606201172,-0.10453315824270248,0.9907375574111938,0.7901806831359863
62,-0.9966797828674316,0.9182687401771545,-0.3691307306289673,0.11591248214244843,-0.03208703547716141,0.737798810005188,0.2570376396179199,-0.9274619817733765,0.9749355316162109,-0.6804099082946777,-0.9903669357299805,0.6145356297492981,-0.9783101081848145,-0.29521894454956055,0.9885897040367126,0.8362658023834229
63,-0.9968171119689941,0.44926831126213074,-0.4098477065563202,0.2400500327348709,0.11513720452785492,0.5277225375175476,0.36143842339515686,-0.9083619713783264,0.9642362594604492,-0.7619615793228149,-0.9823462963104248,0.33238762617111206,-0.9468583464622498,-0.5127061009407043,0.9657886624336243,0.8353957533836365
64,-0.9964907765388489,-0.5367942452430725,-0.4319288730621338,0.3608921766281128,0.17319904267787933,0.28519681096076965,0.4271346628665924,-0.8565798997879028,0.8821762800216675,-0.7615726590156555,-0.9757465124130249,-0.0974803939461708,-0.876827597618103,-0.6467183828353882,0.8444810509681702,0.7890946269035339
65,-0.9978891611099243,-0.855312168598175,-0.6159141063690186,0.4986860156059265,-0.1263239085674286,0.6739263534545898,0.45641854405403137,-0.7683953046798706,0.6719036102294922,-0.6986789703369141,-0.9794554710388184,-0.28638824820518494,-0.8865293860435486,-0.8396685123443604,0.7148406505584717,0.7817776203155518
66,-0.9988973736763,-0.9246562719345093,-0.7426979541778564,0.5560023188591003,0.49189624190330505,0.7682927250862122,0.5304094552993774,-0.453695148229599,0.4567580819129944,-0.5403296947479248,-0.9792515635490417,-0.2823486924171448,-0.905727207660675,-0.9402796030044556,0.7899889349937439,0.671674370765686
67,-0.9986498951911926,-0.9552061557769775,-0.762423038482666,0.741786003112793,0.8533256649971008,0.413519024848938,0.28435441851615906,-0.08267712593078613,0.3553709387779236,-0.10554766654968262,-0.9687741994857788,-0.5726090669631958,-0.8556285500526428,-0.9807343482971191,0.7566860914230347,0.715917706489563
68,-0.9987779259681702,-0.9761984348297119,-0.6824843883514404,0.8493435978889465,0.9719634652137756,-0.17496217787265778,-0.19864052534103394,0.23369663953781128,0.2718656063079834,0.2913859188556671,-0.9400585889816284,-0.780063807964325,-0.8023320436477661,-0.9921546578407288,0.7465126514434814,0.7209945917129517
69,-0.9996649622917175,-0.9847686290740967,-0.5733299255371094,0.7896455526351929,0.9954984784126282,-0.5013459324836731,-0.7290571928024292,0.4360775947570801,0.33055245876312256,0.7021578550338745,-0.8934087753295898,-0.9419186115264893,-0.6759592890739441,-0.9956092238426208,0.8028987050056458,0.6823034286499023
70,-0.9999545812606812,-0.9853528141975403,-0.3225146532058716,0.13908186554908752,0.9995452165603638,-0.7009333372116089,-0.9511780142784119,0.6358109712600708,0.376740962266922,0.935714602470398,-0.8213695287704468,-0.994531512260437,-0.36733847856521606,-0.9911094307899475,0.8924238681793213,0.3955128788948059
71,-0.9999938011169434,-0.9785915613174438,-0.07490359991788864,-0.5267189145088196,0.9999092221260071,-0.8632342219352722,-0.9909815192222595,0.7538982629776001,0.7486475706100464,0.9912939071655273,-0.4879140555858612,-0.9997446537017822,0.2919069826602936,-0.9620146751403809,0.9077704548835754,0.018384918570518494
72,-0.9999966025352478,-0.9796732664108276,0.20171920955181122,-0.8879716396331787,0.9999721050262451,-0.726944088935852,-0.992885172367096,0.8679661750793457,0.7797434329986572,0.9966429471969604,-0.27178677916526794,-0.9997548460960388,0.0954694151878357,-0.9633628726005554,0.9413103461265564,-0.5306259989738464
73,-0.9999924302101135,-0.9805049896240234,0.16580219566822052,-0.97068852186203,0.9999809265136719,0.06336595118045807,-0.9953164458274841,0.9251108765602112,0.7589811086654663,0.9970802068710327,-0.46789640188217163,-0.9997311234474182,-0.386062890291214,-0.9643937349319458,0.9339803457260132,-0.8516952991485596
74,-0.9999269843101501,-0.9485616683959961,0.47754108905792236,-0.9859110116958618,0.9999510645866394,0.8208016157150269,-0.9965059757232666,0.9355989694595337,0.5497027039527893,0.9919948577880859,-0.15351256728172302,-0.9995399117469788,-0.619837760925293,-0.8221213817596436,0.951317548751831,-0.9375553131103516
75,-0.9996508955955505,-0.8186191320419312,0.8693976998329163,-0.9797981977462769,0.9999217391014099,0.8230596780776978,-0.994675874710083,0.9472025632858276,0.4361480176448822,0.9846422672271729,0.8644568920135498,-0.9971516132354736,-0.17877550423145294,-0.4244804382324219,0.9731298685073853,-0.9606286883354187
76,-0.9987385272979736,-0.6321133375167847,0.9772108197212219,-0.9442865252494812,0.9998955726623535,0.4761899709701538,-0.9918559193611145,0.8988716006278992,0.38384804129600525,0.975021243095398,0.9860914349555969,-0.9935529232025146,0.40135589241981506,0.14718413352966309,0.9460733532905579,-0.968504786491394
77,-0.9937313795089722,-0.10894234478473663,0.9919019937515259,-0.8631197214126587,0.9996821880340576,0.47621938586235046,-0.9735459089279175,0.7290025949478149,0.7205015420913696,0.9536226987838745,0.9878368377685547,-0.9919304847717285,0.6231642961502075,0.7447214126586914,0.9566218852996826,-0.9150230288505554
78,-0.950649082660675,0.5698263645172119,0.9973682761192322,-0.6976003646850586,0.9963099956512451,0.7674437761306763,-0.8785766959190369,0.4033965766429901,0.671215295791626,0.8583301305770874,0.9904117584228516,-0.9930192828178406,0.8849436640739441,0.9371086955070496,0.9327133893966675,-0.8464908599853516
79,-0.3283136785030365,0.9419129490852356,0.9963096380233765,-0.47507214546203613,0.8969312906265259,0.9695449471473694,-0.6505645513534546,-0.04156726971268654,0.11541856080293655,0.5236758589744568,0.9022909998893738,-0.9734956622123718,0.5377548336982727,0.9554676413536072,0.8121340870857239,-0.6914272308349609
80,-0.20344550907611847,0.950853705406189,0.9908164739608765,-0.46044301986694336,0.7396210432052612,0.972883939743042,-0.5174586772918701,-0.216898113489151,0.07079124450683594,0.4677020311355591,0.691728949546814,-0.9739841222763062,0.1788027435541153,0.8886448740959167,0.633265495300293,-0.5290830135345459
81,0.3153156638145447,0.8662506937980652,0.9632195830345154,0.39451804757118225,0.30873262882232666,0.9824519753456116,-0.5414063334465027,-0.030710551887750626,-0.6785236597061157,0.5750925540924072,0.2993273437023163,-0.9219544529914856,-0.538724958896637,0.745267391204834,0.25152066349983215,-0.45099732279777527
82,0.6674339175224304,0.8093151450157166,0.9468857049942017,0.7875146865844727,0.0006737707881256938,0.9425361156463623,-0.560653805732727,-0.12901052832603455,-0.5663437843322754,0.7364815473556519,0.6698914170265198,-0.9139070510864258,-0.45145153999328613,0.8226948380470276,-0.007726158015429974,-0.35776981711387634
83,0.968939483165741,0.8964644074440002,0.8829241991043091,0.8785979151725769,-0.7532799243927002,0.9535635113716125,-0.5991614460945129,0.2506300210952759,-0.9182952642440796,0.6722493767738342,0.49606457352638245,-0.8140656352043152,-0.85988450050354,0.9616042971611023,0.08960980176925659,-0.42982444167137146
84,0.9471541047096252,0.9059158563613892,0.9813308119773865,0.7930468320846558,-0.7892308235168457,0.6468642354011536,-0.6798598170280457,-0.14565598964691162,-0.570611298084259,0.959038496017456,0.9731056690216064,-0.9851945042610168,0.5434857606887817,0.9880784153938293,0.01793794147670269,-0.3279535174369812
85,0.86036217212677,0.9857652187347412,0.977440595626831,0.3532218635082245,-0.9459406137466431,0.859657883644104,-0.5288987755775452,-0.32767540216445923,-0.662189781665802,0.9667577743530273,0.9827901124954224,-0.9935236573219299,0.8337291479110718,0.9836120009422302,-0.10025344789028168,-0.46566957235336304
86,0.8090963363647461,0.991449236869812,0.9774591326713562,0.2419215589761734,-0.9731249809265137,0.9037696123123169,-0.47652092576026917,-0.4010980725288391,-0.4548967778682709,0.9357827305793762,0.9741987586021423,-0.9941626191139221,0.8880064487457275,0.9893432259559631,-0.10717709362506866,-0.4706481397151947
87,0.7724220156669617,0.9967551827430725,0.9907391667366028,-0.33692315220832825,-0.9617616534233093,0.7997257709503174,-0.4042294919490814,-0.5737184882164001,-0.790679931640625,0.6900120377540588,0.9074105620384216,-0.9961467981338501,0.47123631834983826,0.9957218766212463,-0.2819652259349823,-0.7197065353393555
88,0.7969772219657898,0.9991354942321777,0.9923850893974304,-0.6935977935791016,-0.9787889719009399,0.617199182510376,-0.05816734954714775,-0.637615442276001,-0.8783231973648071,0.7276361584663391,0.9524443745613098,-0.9985525012016296,0.5725061893463135,0.9978588223457336,-0.13637159764766693,-0.6833961009979248
89,0.69868004322052,0.9996889233589172,0.9775773882865906,-0.8491829633712769,-0.979600727558136,0.28241026401519775,0.583889901638031,-0.6086078882217407,-0.8827522993087769,0.9415350556373596,0.973355233669281,-0.9996673464775085,0.9633046388626099,0.9994558691978455,0.38832905888557434,-0.3801775276660919
90,0.14295272529125214,0.9998987317085266,0.9224961996078491,-0.8322674036026001,-0.9608675241470337,-0.503208339214325,0.9034058451652527,-0.517006516456604,-0.9062451720237732,0.9872357845306396,0.9953939914703369,-0.999829113483429,0.9989380836486816,0.9998064041137695,0.643991231918335,-0.39915233850479126
91,0.06069539859890938,0.9999451637268066,0.6688448190689087,-0.8165042400360107,-0.9608683586120605,-0.8934675455093384,0.9517751932144165,-0.5707374215126038,-0.8211528658866882,0.9965245127677917,0.9998077154159546,-0.9991859793663025,0.9997719526290894,0.9997934699058533,0.6197868585586548,-0.5081199407577515
92,0.18647518754005432,0.9997756481170654,-0.1284252405166626,-0.9384739398956299,-0.9590094685554504,-0.9695384502410889,0.9584718346595764,-0.7191591262817383,0.4353886544704437,0.9996203184127808,0.9999946355819702,-0.9925773739814758,0.9999827146530151,0.9959691166877747,-0.1928825080394745,-0.2309803068637848
93,0.12568776309490204,0.9994163513183594,-0.6817039251327515,-0.9924654364585876,-0.9901951551437378,-0.917245626449585,0.7617011070251465,-0.9502527713775635,0.9322986602783203,0.9998698830604553,0.9999991059303284,-0.6766061782836914,0.9999991655349731,0.9910247325897217,-0.9789296984672546,0.4544508159160614
94,0.6467782258987427,0.9997268915176392,-0.8765835165977478,-0.9971990585327148,-0.974052369594574,-0.9606104493141174,0.8086123466491699,-0.9938949346542358,0.9787240028381348,0.9998544454574585,0.9999991059303284,0.7677677869796753,0.9999997615814209,0.9910458922386169,-0.9946753978729248,0.13355803489685059
95,0.7487848997116089,0.9993072152137756,-0.8090916872024536,-0.9972631931304932,-0.908125102519989,-0.9975914359092712,0.43585512042045593,-0.9970008134841919,0.9788669347763062,0.9994481205940247,0.999999463558197,0.9565072655677795,0.9999998211860657,0.9940652251243591,-0.9992302656173706,0.006915131118148565
96,0.7574853897094727,0.9993003606796265,-0.7342438697814941,-0.9978578090667725,-0.7111042141914368,-0.9996748566627502,0.28749457001686096,-0.9984059929847717,0.9265789985656738,0.9982194304466248,0.9999987483024597,0.9869234561920166,0.9999995827674866,0.9969900846481323,-0.9996651411056519,-0.22634665668010712
97,0.7488128542900085,0.9994982481002808,-0.7976969480514526,-0.9986596703529358,-0.315730482339859,-0.9999513626098633,0.6000134944915771,-0.9990256428718567,0.62212073802948,0.9975151419639587,0.9999935626983643,0.9878680109977722,0.9999974370002747,0.9988527297973633,-0.9996673464775085,-0.35564619302749634
98,0.8283421397209167,0.9998712539672852,-0.9499296545982361,-0.9997418522834778,-0.7548519372940063,-0.9999445676803589,0.8864399790763855,-0.9987960457801819,0.5014534592628479,0.9989858269691467,0.9999529719352722,0.9856511950492859,0.9999774098396301,0.9968881607055664,-0.9972691535949707,-0.12337499856948853
99,0.957987904548645,0.9999325275421143,-0.9787651300430298,-0.9998533725738525,-0.9861776232719421,-0.9999538660049438,0.9908837080001831,-0.9949243664741516,0.8690114617347717,0.998437762260437,0.9999626874923706,0.9923822283744812,0.999614417552948,0.9349779486656189,-0.9841532707214355,0.7765631079673767
100,0.9944902062416077,0.99997878074646,-0.98627769947052,-0.9998981952667236,-0.9985524415969849,-0.9997757077217102,0.9986089468002319,-0.965390145778656,0.9146156907081604,0.9914264678955078,0.9999176859855652,0.9987002611160278,0.9845489263534546,0.74566650390625,-0.9197022318840027,0.965276837348938
101,0.9970290064811707,0.9999790191650391,-0.9755992293357849,-0.999845564365387,-0.9975343346595764,-0.999362051486969,0.999725878238678,-0.9070556163787842,0.9157703518867493,0.8262011408805847,0.9997936487197876,0.9993621706962585,0.9006294012069702,0.5485768914222717,-0.8104120492935181,0.9768073558807373
102,0.9713431596755981,0.999966025352478,-0.6985005736351013,-0.9999110698699951,-0.9721719622612,-0.999634861946106,0.9999186992645264,-0.9049046635627747,0.8876556754112244,-0.4739323854446411,0.9994773268699646,0.9997325539588928,0.6553921699523926,0.13320864737033844,-0.45682600140571594,0.9688413143157959
103,0.873746931552887,0.9999273419380188,0.07868560403585434,-0.9998977780342102,-0.9079472422599792,-0.9996883869171143,0.9999875426292419,-0.8561748266220093,0.8965575098991394,-0.9728721976280212,0.9987792372703552,0.9997159242630005,0.17458213865756989,-0.31949204206466675,-0.5849409103393555,0.9720040559768677
104,0.8099114894866943,0.9995763897895813,0.55251544713974,-0.9997041821479797,-0.7295872569084167,-0.9993976354598999,0.9999915957450867,-0.7460494041442871,0.7359892129898071,-0.9956619739532471,0.9955624341964722,0.99949049949646,-0.5617766380310059,-0.4458068609237671,-0.8299903273582458,0.9610176682472229
105,0.8676634430885315,0.9778870344161987,0.759678304195404,-0.9981879591941833,-0.5906080007553101,-0.998284637928009,0.9999901056289673,-0.3900321424007416,0.10649427771568298,-0.997456431388855,0.9866728186607361,0.999446451663971,-0.9197602868080139,-0.7329338192939758,-0.9244927763938904,0.9619909524917603
106,0.929643988609314,0.5282941460609436,0.5238604545593262,-0.9934507608413696,-0.6657547950744629,-0.9941645264625549,0.9999457597732544,-0.3281990587711334,-0.5711167454719543,-0.9899966716766357,0.963548481464386,0.9963696599006653,-0.9876839518547058,-0.8966646790504456,-0.9859349727630615,0.9277225732803345
107,0.9519132375717163,0.07718232274055481,0.4314521551132202,-0.9944944381713867,-0.6772130727767944,-0.9847204685211182,0.9997234344482422,-0.5574707984924316,-0.6115432977676392,-0.8634257316589355,0.9692332148551941,0.9459116458892822,-0.9952352643013,-0.9508196115493774,-0.9917939305305481,0.857162594795227
108,0.9453886151313782,-0.6172832250595093,0.7308918237686157,-0.995855450630188,0.018505249172449112,-0.9364960193634033,0.9969513416290283,-0.49064353108406067,-0.8407872915267944,-0.6084944009780884,0.9630135297775269,0.9215596914291382,-0.9987335205078125,-0.9532625675201416,-0.9912536144256592,0.35921087861061096
109,0.8909043669700623,-0.8478621244430542,0.9525094628334045,-0.9986767768859863,-0.06965971738100052,-0.7152290940284729,0.9739511013031006,-0.30816322565078735,-0.9324051737785339,-0.24170202016830444,0.9324082732200623,0.7624413967132568,-0.9994186162948608,-0.9529500603675842,-0.9954788088798523,-0.2443929761648178
110,0.7058302164077759,-0.6848777532577515,0.9741043448448181,-0.9995436668395996,-0.10719877481460571,-0.30950066447257996,0.9124178886413574,0.10075733065605164,-0.9574903845787048,0.02949800342321396,0.8937432765960693,0.6963555812835693,-0.9986444115638733,-0.9500072002410889,-0.9908149838447571,-0.4245429039001465
111,0.523638129234314,-0.31010812520980835,0.9823715090751648,-0.9998507499694824,-0.2517044246196747,-0.10121464729309082,0.9340871572494507,0.3342560827732086,-0.964312732219696,0.11210989952087402,0.8185452818870544,0.6459965705871582,-0.9970404505729675,-0.9301433563232422,-0.9851076006889343,-0.3298141360282898
112,-0.05535202473402023,-0.13656623661518097,0.9817898273468018,-0.9998850226402283,-0.5705854892730713,0.18598999083042145,0.9235011339187622,0.1500987857580185,-0.9460832476615906,0.40834105014801025,0.6979678869247437,0.5227771997451782,-0.9978123903274536,-0.8621540665626526,-0.9835810661315918,0.1514681726694107
113,-0.23305077850818634,-0.3230266273021698,0.9741880893707275,-0.9998061656951904,-0.6607331037521362,0.49919623136520386,0.8863924741744995,0.06069646775722504,-0.8927487730979919,0.689030647277832,0.545116126537323,0.30966076254844666,-0.9974159002304077,-0.7496649026870728,-0.9858782291412354,0.5263213515281677
114,-0.34347355365753174,-0.45351970195770264,0.9207341074943542,-0.998905599117279,-0.576807975769043,0.785270631313324,0.5284378528594971,0.002871058415621519,-0.8325082063674927,0.8095232844352722,0.5009348392486572,0.30536025762557983,-0.9910058379173279,-0.672609806060791,-0.9663684368133545,0.6129193305969238
115,-0.39902329444885254,-0.5631828308105469,0.8836066722869873,-0.9934927225112915,-0.5696353912353516,0.8864574432373047,-0.265230655670166,-0.3492265045642853,-0.6584165096282959,0.86446213722229,0.48645758628845215,0.2954866588115692,-0.9800218343734741,-0.42988547682762146,-0.9564522504806519,0.669736385345459
116,0.09511876106262207,-0.8237378597259521,0.935532808303833,-0.97263503074646,-0.2006937712430954,0.8699074983596802,-0.6732907295227051,-0.6879487037658691,-0.3482910692691803,0.8432818651199341,0.5849801301956177,0.4245675206184387,-0.9815176129341125,0.12585946917533875,-0.9676108956336975,0.5268233418464661
117,0.28368648886680603,-0.8938573002815247,0.8461620807647705,-0.8902478218078613,0.4620944857597351,0.9321461319923401,-0.9530740976333618,-0.745926022529602,-0.19369518756866455,0.9489343762397766,0.8674087524414062,0.7005681991577148,-0.9562156796455383,0.08588995784521103,-0.9464775323867798,0.07612065970897675
118,0.21872060000896454,-0.8764521479606628,0.46697670221328735,-0.6937041282653809,0.7848721742630005,0.9642375707626343,-0.9896348714828491,-0.6434255838394165,-0.26859813928604126,0.9764459133148193,0.9597169160842896,0.7874880433082581,-0.9131240844726562,-0.20524965226650238,-0.8556569814682007,-0.2567180395126343
119,-0.2684464156627655,-0.8171083927154541,0.09188896417617798,-0.1933532953262329,0.6741135716438293,0.9671536684036255,-0.9935267567634583,-0.5508159399032593,-0.3048149049282074,0.9791997075080872,0.9834717512130737,0.6457443833351135,-0.8840907216072083,-0.5502968430519104,-0.829837441444397,0.054763905704021454
120,-0.5935357809066772,-0.6466037631034851,0.01498265191912651,-0.1556868702173233,0.3717178702354431,0.956014096736908,-0.9855402112007141,-0.35988351702690125,-0.36254259943962097,0.9830103516578674,0.9907865524291992,0.2744958996772766,-0.903156578540802,-0.7363684177398682,-0.8744825124740601,0.4579814076423645
121,-0.7191404104232788,-0.4416126012802124,-0.047712311148643494,0.08361488580703735,0.04432382807135582,0.9281186461448669,-0.9770914316177368,-0.3997029662132263,-0.33159658312797546,0.9849749803543091,0.9953767657279968,-0.1358143389225006,-0.9287106990814209,-0.8510483503341675,-0.8878265619277954,0.6450802087783813
122,-0.8217869997024536,-0.07832082360982895,-0.3649342954158783,0.1964382827281952,-0.19088001549243927,0.8626834154129028,-0.9720233678817749,-0.24682006239891052,-0.4076715409755707,0.9865073561668396,0.9947107434272766,-0.5903041362762451,-0.9186066389083862,-0.8981643915176392,-0.8159629702568054,0.7017923593521118
123,-0.8746716976165771,0.26011085510253906,-0.5361576080322266,0.2821161150932312,-0.23862667381763458,0.7923946976661682,-0.9729613661766052,-0.12682902812957764,-0.565335750579834,0.9894033074378967,0.9959869980812073,-0.7373442053794861,-0.8897168636322021,-0.9468505382537842,-0.7289533615112305,0.6699262857437134
124,-0.8558119535446167,0.43304017186164856,-0.738743782043457,0.44587692618370056,-0.1037958636879921,0.8339325189590454,-0.9758217334747314,0.0004688799090217799,-0.720313549041748,0.9831283092498779,0.9967899322509766,-0.593593955039978,-0.862738311290741,-0.9734153151512146,-0.47308722138404846,0.5501197576522827
125,-0.9113001227378845,0.6667245030403137,-0.9083749055862427,0.7968448400497437,0.5113394260406494,0.7331949472427368,-0.9800766706466675,0.0014664818299934268,-0.6694883108139038,0.9781826734542847,0.9972413778305054,-0.30017417669296265,-0.3628675937652588,-0.988162100315094,0.09731452167034149,0.43463334441185
126,-0.9664356708526611,0.7101863622665405,-0.9743355512619019,0.8894935846328735,0.7273167371749878,0.6695262789726257,-0.9865511059761047,0.06246592476963997,-0.5378804206848145,0.9836883544921875,0.9955149292945862,-0.1757049262523651,-0.1470295637845993,-0.9922342896461487,0.28320232033729553,0.6414324045181274
127,-0.9910646677017212,0.7684841752052307,-0.9953945279121399,0.9210160970687866,0.7135859727859497,0.5270574688911438,-0.9871041178703308,0.30732619762420654,-0.06629171967506409,0.990039587020874,0.9857185482978821,-0.597502589225769,0.2278333157300949,-0.990828275680542,0.47557252645492554,0.8459715843200684
128,-0.9926382303237915,0.8595423102378845,-0.9985914826393127,0.9595546722412109,0.8037776350975037,0.37245142459869385,-0.9625727534294128,0.33945393562316895,0.5321903824806213,0.9916015863418579,0.9721564054489136,-0.6463402509689331,0.5803334712982178,-0.9943905472755432,0.773389995098114,0.9358932971954346
129,-0.9874976873397827,0.8811582326889038,-0.9996127486228943,0.9772268533706665,0.943691611289978,0.16292622685432434,-0.893951952457428,0.41775938868522644,0.9221240878105164,0.9962665438652039,0.8738406896591187,-0.6511356234550476,0.8130987286567688,-0.991615891456604,0.9333110451698303,0.9695398807525635
130,-0.9759789705276489,0.7837103605270386,-0.9997149109840393,0.9761078357696533,0.9728641510009766,-0.05532590672373772,-0.9110488891601562,0.7076350450515747,0.9782271385192871,0.997075617313385,0.6550569534301758,-0.5134400129318237,0.749622106552124,-0.9900994896888733,0.9798344373703003,0.9913064241409302
131,-0.9613845348358154,0.5516632795333862,-0.9997958540916443,0.9663048386573792,0.9772346019744873,0.012407589703798294,-0.970581591129303,0.893872857093811,0.9936333894729614,0.9958428740501404,0.34539902210235596,-0.07484418153762817,0.41023334860801697,-0.9911013841629028,0.9964543581008911,0.9979714155197144
132,-0.9116636514663696,0.40016359090805054,-0.9998669028282166,0.9506083130836487,0.9777445793151855,0.5479572415351868,-0.9887749552726746,0.9472662806510925,0.9963862895965576,0.9886363744735718,-0.0886712446808815,0.5694257020950317,-0.2573183476924896,-0.9933916330337524,0.9995571970939636,0.9992430806159973
133,-0.8049081563949585,0.41796794533729553,-0.9998906850814819,0.9134782552719116,0.9840129613876343,0.8331117630004883,-0.9904170632362366,0.9694806337356567,0.9953029751777649,0.9570610523223877,-0.7015504837036133,0.8682304620742798,-0.6921314001083374,-0.9944419860839844,0.9999343752861023,0.9994879364967346
134,-0.5377289652824402,0.12005046755075455,-0.9998642802238464,0.8390657305717468,0.9828247427940369,0.8699357509613037,-0.9913899302482605,0.9826205372810364,0.982688307762146,0.8959578275680542,-0.9424271583557129,0.8967255353927612,-0.9473980665206909,-0.9941840171813965,0.9999774694442749,0.9996504783630371
135,-0.6031971573829651,-0.5507408380508423,-0.9990502595901489,0.7914738059043884,0.9493159055709839,-0.005616218317300081,-0.9825342297554016,0.9743579030036926,0.9752506017684937,0.5154206156730652,-0.9519394040107727,0.8817441463470459,-0.9715017676353455,-0.9790927767753601,0.9999655485153198,0.9994552135467529
136,-0.7963481545448303,-0.9506700038909912,-0.9673728942871094,0.7495701313018799,0.8943482637405396,-0.85904461145401,-0.9036136865615845,0.939607560634613,0.9519559741020203,-0.38698968291282654,-0.9210307598114014,0.9390192627906799,-0.8065828680992126,-0.9678452610969543,0.9994878768920898,0.9985669255256653
137,-0.9810792803764343,-0.9838774800300598,-0.7611826062202454,0.04207920283079147,0.8278869390487671,-0.9828952550888062,-0.41222211718559265,0.8793975114822388,0.8064002990722656,-0.47018370032310486,-0.9199654459953308,0.9948264360427856,0.09501013904809952,-0.9887151718139648,0.9961323738098145,0.9941266179084778
138,-0.9867773056030273,-0.993944525718689,0.33433428406715393,-0.5722689628601074,0.7031813859939575,-0.9987965226173401,-0.6343948841094971,0.8798288702964783,0.8193039894104004,-0.7090612649917603,-0.8934279084205627,0.9820814728736877,0.8053568005561829,-0.9155111312866211,0.9908468723297119,0.9367666840553284
139,-0.9344483613967896,-0.9958948493003845,0.8260480165481567,-0.7825452089309692,0.5907794833183289,-0.9993091225624084,-0.9668498635292053,0.8933677673339844,0.8120349049568176,-0.9734448790550232,-0.9330195188522339,0.5854130983352661,0.01072806678712368,-0.007738972082734108,0.98179692029953,0.8637478351593018
140,-0.9499139785766602,-0.9991657137870789,0.9055601358413696,-0.4776570498943329,0.3412923514842987,-0.9990198612213135,-0.9848543405532837,0.7350199222564697,0.7724549770355225,-0.9959046244621277,-0.990311861038208,-0.37147989869117737,-0.8655855655670166,0.8270223140716553,0.9740467667579651,0.8407756686210632
141,-0.8860527276992798,-0.993191659450531,0.7498285174369812,-0.8136064410209656,-0.24203772842884064,-0.9948703050613403,-0.28151950240135193,0.31988322734832764,-0.6836756467819214,-0.993462324142456,-0.9748432636260986,0.9051944017410278,-0.8495621681213379,-0.5293391346931458,0.9270163178443909,0.8950203061103821
142,-0.4788152575492859,-0.9556566476821899,0.7337006330490112,-0.9505457878112793,0.2813541889190674,-0.8399626016616821,-0.030500782653689384,-0.3735593557357788,-0.9909639358520508,-0.9979583621025085,-0.9769932627677917,0.969801127910614,-0.9487558603286743,-0.5930129289627075,0.9449610114097595,-0.05440686643123627
143,-0.8589963912963867,-0.28614121675491333,0.7028825283050537,-0.9976220726966858,-0.4355124235153198,0.5174959301948547,-0.05986040085554123,-0.34800949692726135,-0.999979555606842,-0.9998583793640137,-0.9939439296722412,0.9871137142181396,-0.9901773929595947,-0.6582456231117249,0.9454020857810974,-0.9117540717124939
144,-0.9667190313339233,0.97892165184021,0.9520263671875,-0.999891459941864,-0.7612920999526978,0.911291241645813,0.21552863717079163,-0.5565509796142578,-0.9999997615814209,-0.9999938607215881,-0.9998334646224976,0.9693309664726257,-0.9999749064445496,0.6697052121162415,0.9383760690689087,-0.9902598261833191
145,-0.9393758773803711,0.9891579747200012,0.9693198204040527,-0.9997637271881104,-0.12862631678581238,0.989040732383728,0.9529780149459839,-0.0024823793210089207,-0.9999993443489075,-0.9999886155128479,-0.9998041987419128,0.9943684339523315,-0.999984085559845,0.7938987016677856,0.9596828818321228,-0.94489586353302
146,-0.9113551378250122,0.9255080819129944,0.9284267425537109,-0.9939104914665222,0.6079784035682678,0.881995439529419,0.9958537220954895,-0.37278249859809875,-0.9999960660934448,-0.9999057650566101,-0.9970185160636902,0.998217761516571,-0.9999728202819824,0.7771203517913818,0.8716030120849609,-0.5758490562438965
147,-0.947217583656311,0.20025531947612762,0.9123698472976685,-0.5583537817001343,0.864484965801239,0.047655846923589706,0.9997415542602539,-0.427817702293396,-0.999923050403595,-0.9995173811912537,-0.9698904156684875,0.9997591972351074,-0.9985000491142273,0.40529972314834595,0.5953184366226196,0.08516786247491837
148,-0.9554842710494995,-0.972747266292572,0.8623738884925842,0.8781068921089172,0.9055411219596863,-0.4082069396972656,0.9999703764915466,-0.4290258288383484,-0.9942519068717957,-0.9992674589157104,-0.7759494185447693,0.9999591112136841,-0.9371894001960754,-0.7669422626495361,0.52341228723526,0.8031297326087952
149,-0.9946362972259521,-0.9931722283363342,0.5689696073532104,0.9517877101898193,0.7732354402542114,-0.05028580501675606,0.9999956488609314,0.02217339538037777,-0.9580326676368713,-0.999241054058075,-0.0524480827152729,0.9999647736549377,-0.782261073589325,-0.9178731441497803,0.1295279860496521,0.8519521951675415
150,-0.9974867701530457,-0.9816597104072571,0.20513971149921417,0.8506411910057068,0.6079353094100952,0.8273931741714478,0.999997079372406,0.4840904176235199,-0.9939897656440735,-0.9961614012718201,0.5148133635520935,0.9999346733093262,-0.7300135493278503,-0.9164857268333435,0.0747162476181984,0.8512749671936035
151,-0.9989854097366333,-0.9783821105957031,0.4246746003627777,0.5016740560531616,0.5432780981063843,0.9764386415481567,0.9999971389770508,0.696711540222168,-0.9961090683937073,-0.9863401651382446,0.5197998881340027,0.999421238899231,-0.5471451282501221,-0.8389077186584473,-0.3982723653316498,0.733946681022644
152,-0.9991165995597839,-0.9049463272094727,0.26235270500183105,-0.0018370130565017462,0.6362318992614746,0.9883578419685364,0.9999950528144836,0.8339288234710693,-0.9964269995689392,-0.8589655160903931,0.4634130597114563,0.993122935295105,-0.3076344132423401,-0.5279923677444458,-0.5114216804504395,0.49721139669418335
153,-0.9982985258102417,-0.8265752792358398,-0.10745518654584885,-0.19205373525619507,0.6332589387893677,0.9932563304901123,0.9999440312385559,0.8265044689178467,-0.9971022009849548,-0.6699347496032715,0.6298619508743286,0.9859148859977722,-0.528854489326477,-0.1441190242767334,-0.6628155708312988,-0.1512645035982132
154,-0.9946626424789429,-0.8602782487869263,-0.5123558640480042,-0.08728078752756119,0.7845709323883057,0.9944274425506592,0.9993058443069458,0.8086174130439758,-0.997957706451416,-0.4347730278968811,0.34605154395103455,0.973836362361908,-0.7696202993392944,0.35568922758102417,-0.881095826625824,-0.7044569849967957
155,-0.9902475476264954,-0.9454852938652039,-0.6350354552268982,0.4605740010738373,0.888953685760498,0.9975458979606628,0.9950032830238342,0.8312849998474121,-0.999108612537384,-0.7731883525848389,-0.6018358469009399,0.9790558218955994,-0.6422945261001587,0.7768992185592651,-0.9528634548187256,-0.8815205693244934
156,-0.9593157172203064,-0.898337721824646,-0.7979241609573364,0.5775227546691895,0.9883108139038086,0.9901589155197144,0.963871955871582,0.7665128707885742,-0.999698281288147,-0.9549188613891602,-0.7192590236663818,0.9895439147949219,-0.38629141449928284,0.7126070261001587,-0.9716954827308655,-0.9690281748771667
157,-0.6012498140335083,-0.7493773102760315,-0.7620016932487488,-0.12544406950473785,0.9889959096908569,0.9352443814277649,0.9293994903564453,0.7102553844451904,-0.9997894763946533,-0.8611458539962769,-0.9183593988418579,0.996697723865509,-0.3040083348751068,0.037455879151821136,-0.9441732168197632,-0.8661782741546631
158,0.12447313219308853,-0.19971710443496704,-0.6008214354515076,-0.5530139207839966,0.9969503283500671,0.27657198905944824,0.3987228572368622,0.6233026385307312,-0.9994645118713379,-0.38021257519721985,-0.9629461765289307,0.9903725981712341,0.471523642539978,0.3465137183666229,-0.6427158117294312,-0.6432257890701294
159,0.5157962441444397,0.358558714389801,-0.1937059611082077,-0.6643298268318176,0.9978362321853638,-0.42906466126441956,-0.651003360748291,0.5981586575508118,-0.9988149404525757,0.2939833104610443,-0.9784356355667114,0.9529146552085876,0.7171740531921387,0.7981703281402588,-0.1534513384103775,-0.34174150228500366
160,0.7383971810340881,0.8516817092895508,-0.5337883830070496,-0.5889898538589478,0.9980294704437256,-0.8058971166610718,-0.7807596921920776,0.5803426504135132,-0.9950333833694458,0.6919418573379517,-0.9909195303916931,0.9204545617103577,0.7747685313224792,0.9115313291549683,0.3845766484737396,0.04884409159421921
161,0.6592080593109131,0.8280501961708069,-0.5702493190765381,-0.23486660420894623,0.99852055311203,-0.929916501045227,-0.45056331157684326,0.5481323003768921,-0.9555733799934387,0.6629656553268433,-0.9850102663040161,0.9513927698135376,0.8437185883522034,0.9087862372398376,0.5712097883224487,0.45266422629356384
162,0.23336736857891083,0.7016902565956116,-0.7580158710479736,0.24955351650714874,0.9990519881248474,-0.9838287830352783,0.4119126498699188,0.5116370320320129,-0.3851555287837982,0.6018726825714111,-0.942748486995697,0.9845434427261353,0.9529991745948792,0.8948951363563538,0.6903026700019836,0.7022184133529663
163,-0.3184276819229126,0.28824251890182495,-0.8042109608650208,0.7529906034469604,0.9985012412071228,-0.9917261004447937,0.6903129816055298,0.2998902499675751,0.5697393417358398,0.4618912637233734,-0.8041712045669556,0.9839174747467041,0.9812504053115845,0.951282799243927,0.6162515878677368,0.7621006965637207
164,-0.19737692177295685,-0.4456586539745331,-0.5182943940162659,0.9483155608177185,0.9925920367240906,-0.9904734492301941,0.8112558722496033,0.23678471148014069,0.7978300452232361,0.4094020426273346,-0.22421428561210632,0.8775264024734497,0.9932022094726562,0.9911059737205505,-0.10215415060520172,0.5548720359802246
165,0.7114026546478271,-0.15814566612243652,-0.2866787910461426,0.8990484476089478,0.8347252011299133,-0.8738844394683838,0.978803277015686,0.30174174904823303,0.22200769186019897,0.21295122802257538,0.0632653534412384,0.291979044675827,0.9969169497489929,0.9996411800384521,-0.7719053030014038,0.30514007806777954
166,0.9427059888839722,0.5563163757324219,-0.2602118253707886,0.6102111339569092,-0.617408275604248,0.2923407554626465,0.9993863701820374,0.4400026500225067,-0.3903328776359558,0.12242662906646729,0.25592926144599915,0.3132653534412384,0.9972220063209534,0.99993896484375,-0.9394962191581726,0.711482584476471
167,0.8756008148193359,0.0006904600886628032,0.05256916582584381,0.7231870889663696,-0.9217867255210876,0.7403908967971802,0.9999357461929321,0.6777873039245605,-0.060166556388139725,-0.2505287528038025,0.8397725820541382,0.6478762626647949,0.9995627999305725,0.9978444576263428,-0.9586737751960754,0.9678032994270325
168,0.6600645780563354,-0.4340633749961853,0.31365758180618286,0.6521261930465698,-0.9579808712005615,0.70137619972229,0.999964714050293,0.8048765063285828,-0.5347326993942261,-0.4529338777065277,0.9637638926506042,0.6307777166366577,0.9998916387557983,0.9814919829368591,-0.9770001173019409,0.9814377427101135
169,0.6010341644287109,-0.6757432222366333,0.5754060745239258,0.6266672015190125,-0.9185017347335815,0.6655068397521973,0.9999359250068665,0.8618800640106201,-0.8936985731124878,-0.5287468433380127,0.9681569337844849,0.5642387866973877,0.9999314546585083,0.9757770895957947,-0.9825024008750916,0.9672388434410095
170,0.23927956819534302,-0.6953099966049194,0.555203378200531,0.2415114790201187,-0.8727535009384155,0.17468155920505524,0.9998362064361572,0.8513627052307129,-0.9700716137886047,-0.19430814683437347,0.9123625755310059,0.3330037295818329,0.9999713897705078,0.9266229867935181,-0.9595269560813904,0.9726864099502563
171,-0.008396368473768234,-0.6839572787284851,0.4506796598434448,0.2697593569755554,-0.8162134289741516,-0.5763643980026245,0.999721884727478,0.7265136241912842,-0.9818929433822632,-0.6775326728820801,0.7499957084655762,0.5390185117721558,0.999984622001648,0.8108363747596741,-0.8518801927566528,0.9712653160095215
172,-0.03624489903450012,-0.35368451476097107,-0.38970571756362915,0.7063524723052979,-0.37516656517982483,-0.8376235961914062,0.99964439868927,0.3397541046142578,-0.9907068610191345,-0.8862121105194092,-0.16417579352855682,0.48016834259033203,0.9999868869781494,0.9099961519241333,-0.6657406091690063,0.9412783980369568
173,0.1702447384595871,0.21416932344436646,-0.8663257956504822,0.9694392085075378,0.15939097106456757,-0.8502621650695801,0.9998078346252441,-0.08798617124557495,-0.9791039824485779,-0.8362771272659302,-0.6419668197631836,0.38923919200897217,0.9999869465827942,0.9703936576843262,-0.28325575590133667,0.9133437275886536
174,0.739073634147644,0.07213599979877472,-0.966213583946228,0.9980877041816711,0.44871461391448975,-0.8999033570289612,0.9992917776107788,-0.25043806433677673,-0.9183878898620605,-0.4694077968597412,-0.7339255213737488,-0.3037479519844055,0.9999866485595703,0.9914442300796509,0.1342487782239914,0.8980077505111694
175,0.9522156715393066,0.5490231513977051,-0.988892138004303,0.9996442198753357,0.31049472093582153,-0.9613813757896423,0.9977746605873108,-0.19612649083137512,-0.7270832061767578,0.007834333926439285,-0.6694062948226929,-0.6257066130638123,0.999991238117218,0.9957476854324341,0.49066057801246643,0.9251287579536438
176,0.9916257262229919,0.776692271232605,-0.9900596737861633,0.9997268915176392,0.35012921690940857,-0.93440842628479,0.9959233999252319,0.09264574199914932,-0.8530057668685913,-0.3062547743320465,-0.7543397545814514,-0.6969042420387268,0.9999838471412659,0.99662846326828,0.7361955642700195,0.9231163263320923
177,0.9978106617927551,0.7546773552894592,-0.9726418256759644,0.9997649192810059,0.5237122774124146,-0.8444035649299622,0.991536557674408,0.49150601029396057,-0.8777700662612915,-0.7908288836479187,-0.5232176780700684,-0.38228747248649597,0.9999485611915588,0.9933732151985168,0.8779307007789612,0.9436555504798889
178,0.9969544410705566,0.13327886164188385,-0.9299782514572144,0.9994635581970215,0.34059399366378784,-0.5768859386444092,0.9565014243125916,0.8216077089309692,-0.9136974215507507,-0.6687327027320862,-0.7466080188751221,-0.6372990608215332,0.9997804760932922,0.9525040984153748,0.8832297325134277,0.9545645713806152
179,0.9933083653450012,-0.7453320622444153,-0.6781607866287231,0.9988735914230347,-0.11240652203559875,-0.201882004737854,0.7356677055358887,0.9207356572151184,-0.9469256401062012,-0.23133806884288788,-0.7734719514846802,-0.841867208480835,0.9991622567176819,0.5817674398422241,0.8948251605033875,0.9572945833206177
180,0.9636113047599792,-0.9014397859573364,-0.3963903486728668,0.9991450309753418,0.3364556133747101,-0.051609281450510025,0.6700229644775391,0.8619149327278137,-0.9454682469367981,0.6730862855911255,-0.8473788499832153,-0.7952678203582764,0.9983987808227539,-0.4840081036090851,0.8134845495223999,0.9581910967826843
181,0.9605241417884827,-0.9914995431900024,-0.17551478743553162,0.999857485294342,0.7968648672103882,-0.21164920926094055,-0.3286881744861603,0.892173707485199,-0.9587075710296631,0.8524391651153564,-0.898333728313446,-0.859312891960144,0.989957332611084,-0.6029140949249268,0.7431470155715942,0.8993159532546997
182,0.9722640514373779,-0.9977415204048157,0.07311790436506271,0.9997875094413757,0.8783873915672302,0.5203115940093994,-0.8802255988121033,0.8711971044540405,-0.9128262400627136,0.9502291083335876,-0.9452313184738159,-0.9305016994476318,0.988502562046051,-0.4388798475265503,0.5840766429901123,0.8231335878372192
183,0.9774554371833801,-0.9988889098167419,0.6581568121910095,0.9997767210006714,0.8993253707885742,0.5254533290863037,-0.9477964639663696,0.8491174578666687,-0.6095475554466248,0.980540931224823,-0.890679657459259,-0.9274231791496277,0.9856277108192444,-0.09839988499879837,0.5107200741767883,0.828194260597229
184,0.989579439163208,-0.9896217584609985,0.9516938924789429,0.9997872114181519,0.7578109502792358,-0.030787302181124687,-0.970145583152771,0.7930270433425903,0.6785776615142822,0.9934231042861938,-0.2806953489780426,-0.8972335457801819,0.991802453994751,0.6496927738189697,0.02156529761850834,0.9204859733581543
185,0.9949981570243835,-0.960895836353302,0.9944570064544678,0.99942547082901,-0.321498304605484,-0.6396490931510925,-0.981898844242096,0.6407970190048218,0.9929509162902832,0.9988747239112854,0.3549797832965851,-0.9919030666351318,0.9994271993637085,0.8985432386398315,-0.4462260901927948,0.9502910375595093
186,0.9947433471679688,-0.9461387395858765,0.9995477199554443,0.9964372515678406,-0.9628987908363342,-0.9573222994804382,-0.9884200692176819,0.6242939233779907,0.9998688101768494,0.9998805522918701,0.8464922308921814,-0.9997603297233582,0.9999975562095642,0.9113645553588867,-0.6600875854492188,0.9450116753578186
187,0.9904631972312927,-0.4832862317562103,0.9999749660491943,0.9920540452003479,-0.9993081092834473,-0.9999310374259949,-0.9843169450759888,0.44999271631240845,0.9999992847442627,0.9999493360519409,0.9952484965324402,-0.9999909400939941,1.0,0.9559405446052551,-0.9224648475646973,0.9833077788352966
188,0.996860921382904,0.83417147397995,0.999994695186615,0.9923941493034363,-0.999945878982544,-0.9999990463256836,-0.9975338578224182,-0.2416861206293106,1.0,0.9998165965080261,0.9998173713684082,-0.9999977350234985,1.0,0.9923607707023621,-0.9846420288085938,0.9855652451515198
189,0.9987604022026062,0.9414827823638916,0.9999947547912598,0.976704478263855,-0.9999406933784485,-0.9999996423721313,-0.9998301267623901,-0.7840322256088257,1.0,0.9995295405387878,0.9999966025352478,-0.9999743103981018,1.0,0.9977806210517883,-0.9815556406974792,0.839621365070343
190,0.9984923601150513,0.9706956148147583,0.9999904036521912,0.361698716878891,-0.9999103546142578,-0.9999985694885254,-0.999970018863678,-0.9681472182273865,0.9999998807907104,0.9993019104003906,0.9999993443489075,-0.9993370771408081,1.0,0.9994899034500122,-0.988071620464325,-0.055910900235176086
191,0.9985659718513489,0.9667250514030457,0.9999333620071411,-0.8597501516342163,-0.9996739625930786,-0.9999942779541016,-0.9999938607215881,-0.9958540797233582,0.9999995827674866,0.9993628263473511,0.9999997615814209,-0.9724022150039673,1.0,0.9997817277908325,-0.9876739978790283,-0.8579617738723755
192,0.9990956783294678,0.9212599992752075,0.9467101097106934,0.006336425431072712,-0.9679077863693237,-0.9998964071273804,-0.9999994039535522,-0.9995926022529602,0.9999977350234985,0.999699592590332,0.9999979138374329,-0.026768546551465988,1.0,0.9998832941055298,-0.9168986678123474,-0.699357271194458
193,0.9981883764266968,0.9919803738594055,-0.9740366339683533,0.4396297037601471,-0.0630582794547081,-0.9999060034751892,-0.9999998211860657,-0.9999118447303772,0.9999967217445374,0.999990701675415,0.9999913573265076,0.8728771805763245,1.0,0.999870777130127,-0.5436835289001465,-0.015080947428941727
194,0.9954906702041626,0.9976098537445068,-0.9994651675224304,0.11584986001253128,-0.2342403382062912,-0.9971621632575989,-0.9999960660934448,-0.9997400045394897,0.9999295473098755,0.999902069568634,0.9999881386756897,0.985164999961853,0.9999999403953552,0.9975427985191345,0.4541701674461365,0.11831729114055634
195,0.9860267043113708,0.9993807673454285,-0.9999547600746155,0.30928125977516174,-0.8219945430755615,-0.7544674873352051,-0.9999715685844421,-0.9995858669281006,0.998941957950592,0.9999586939811707,0.999976396560669,0.9975129961967468,0.9999875426292419,0.8979387283325195,0.6030786037445068,0.7447513341903687
196,0.9783751964569092,0.9997880458831787,-0.9999814033508301,-0.5759146809577942,-0.9213833212852478,0.6375038623809814,-0.99980229139328,-0.9996026158332825,0.9925163388252258,0.9999449849128723,0.9999202489852905,0.9993101358413696,0.9984721541404724,0.0436982698738575,0.7793071866035461,0.7716649770736694
197,0.9108368754386902,0.9991316199302673,-0.9998038411140442,-0.7710760831832886,-0.8414251208305359,0.8068726062774658,-0.9967025518417358,-0.9998350143432617,0.9839726686477661,0.999559760093689,0.9999643564224243,0.999519944190979,0.9735638499259949,-0.5842872262001038,0.9336733222007751,0.6483134031295776
198,0.605512261390686,0.9907956719398499,-0.9993200302124023,-0.5400489568710327,0.11495193094015121,0.9348891973495483,-0.9522451758384705,-0.9998043775558472,0.9741097092628479,0.9963602423667908,0.9999716281890869,0.9999052882194519,0.8538514375686646,-0.8311806321144104,0.9513668417930603,0.21722225844860077
199,-0.36699363589286804,0.8245375156402588,-0.9982311725616455,0.3765380382537842,0.8917557001113892,0.907683253288269,-0.8554027080535889,-0.9997318983078003,0.9935686588287354,0.9918305277824402,0.9999691247940063,0.9999074935913086,0.8489102721214294,-0.8410162925720215,0.9286394715309143,-0.01933947391808033
